Name ,Status,Date of Classification
Acacia kingiana,Extinct,16-Jul-00
Acianthus ledwardii,Extinct,16-Jul-00
Amperea xiphoclada var. pedicellata,Extinct,16-Jul-00
Amphibromus whitei,Extinct,16-Jul-00
Caladenia brachyscapa,Extinct,16-Jul-00
Coleanthera virgata = Styphelia lanata,Extinct,16-Jul-00
Deyeuxia lawrencei,Extinct,16-Jul-00
Didymoglossum exiguum,Extinct,16-Jul-00
Diuris bracteata,Extinct,16-Jul-00
Euphrasia ruptura,Extinct,16-Jul-00
Frankenia decurrens,Extinct,16-Jul-00
Huperzia serrata,Extinct,16-Jul-00
Hymenophyllum lobbii,Extinct,16-Jul-00
Hymenophyllum whitei,Extinct,16-Jul-00
Lemmaphyllum accedens,Extinct,16-Jul-00
Lepidium drummondii,Extinct,16-Jul-00
Leucopogon cryptanthus,Extinct,16-Jul-00
Lycopodium volubile = Pseudodiphasium volubile,Extinct,16-Jul-00
Monogramma dareicarpa,Extinct,16-Jul-00
Musa fitzalanii,Extinct,16-Jul-00
Myriocephalus nudus,Extinct,4-Jul-19
Olearia oliganthema,Extinct,16-Jul-00
Opercularia acolytantha,Extinct,16-Jul-00
Ozothamnus selaginoides,Extinct,16-Jul-00
Paspalum batianoffii,Extinct,16-Jul-00
Persoonia laxa,Extinct,16-Jul-00
Persoonia prostrata,Extinct,16-Jul-00
Pultenaea maidenii,Extinct,16-Jul-00
Senecio georgianus,Extinct,16-Jul-00
Solanum bauerianum,Extinct,11-May-18
Tetratheca fasciculata,Extinct,16-Jul-00
Thomasia gardneri,Extinct,16-Jul-00
Tmesipteris lanceolata,Extinct,16-Jul-00
Trianthema cypseleoides,Extinct,16-Jul-00
Vanvoorstia bennettiana,Extinct,16-Oct-01
Abutilon julianae,Critically Endangered,25-Nov-03
Acacia blayana,Critically Endangered,15-Nov-23
Acacia cochlocarpa subsp. velutinosa,Critically Endangered,18-Aug-06
Acacia constablei,Critically Endangered,31-Mar-23
Acacia dangarensis,Critically Endangered,25-Sep-20
Acacia equisetifolia,Critically Endangered,18-Aug-06
Acacia forsteri,Critically Endangered,4-Sep-24
Acacia leptoneura,Critically Endangered,24-Sep-15
Acacia prismifolia,Critically Endangered,16-Jul-24
Acacia purpureopetala,Critically Endangered,24-Jan-14
Acacia unguicula,Critically Endangered,18-Aug-06
Acanthocladium dockeri,Critically Endangered,27-Nov-06
Achyranthes arborescens,Critically Endangered,25-Nov-03
Achyranthes margaretarum,Critically Endangered,25-Nov-03
Andersonia annelsii,Critically Endangered,11-May-18
Andersonia axilliflora,Critically Endangered,31-Mar-23
Androcalva adenothalia,Critically Endangered,4-Jul-19
Androcalva beeronensis,Critically Endangered,5-Sep-25
Androcalva bivillosa,Critically Endangered,11-May-18
Androcalva inglewoodensis,Critically Endangered,5-Sep-25
Androcalva perkinsiana,Critically Endangered,5-Oct-22
Anthosachne kingiana subsp. kingiana,Critically Endangered,25-Nov-03
Antrophyum austroqueenslandicum,Critically Endangered,4-Nov-20
Asplenium listeri,Critically Endangered,23-Jul-02
Asterolasia asteriscophora subsp. albiflora,Critically Endangered,5-Oct-22
Asterolasia beckersii,Critically Endangered,2-Mar-21
Asterolasia buxifolia,Critically Endangered,7-Sep-23
Astrotricha sp. Howe Range (D.E.Albrecht 1054),Critically Endangered,4-Sep-24
Atalaya brevialata,Critically Endangered,14-Dec-13
Austrostipa jacobsiana,Critically Endangered,15-Feb-18
Azorella macquariensis,Critically Endangered,19-Aug-10
Backhousia tetraptera,Critically Endangered,4-Sep-24
Banksia anatona,Critically Endangered,14-May-13
Banksia aurantia,Critically Endangered,14-May-13
Banksia brownii,Critically Endangered,31-Mar-23
Banksia fuscobractea,Critically Endangered,1-Dec-09
Banksia montana,Critically Endangered,5-Oct-22
Banksia paludosa subsp. astrolux,Critically Endangered,4-Sep-24
Banksia serratuloides subsp. perissa,Critically Endangered,14-May-13
Banksia vincentia,Critically Endangered,15-Feb-18
Boehmeria australis subsp. australis = Pouzolzia australis,Critically Endangered,25-Nov-03
Boronia boliviensis,Critically Endangered,4-Sep-24
Boronia grimshawii,Critically Endangered,5-Sep-25
Boronia imlayensis,Critically Endangered,4-Sep-24
Boronia inflexa subsp. torringtonensis,Critically Endangered,7-Dec-21
Bossiaea fragrans,Critically Endangered,11-May-18
Brachychiton guymeri,Critically Endangered,5-Mar-25
Brachychiton sp. Ormeau (L.H.Bird AQ435851),Critically Endangered,9-Mar-13
Brachyscias verecundus,Critically Endangered,18-Aug-06
Brachyscome brownii,Critically Endangered,16-Jul-24
Bruguiera x hainesii,Critically Endangered,22-Feb-19
Caladenia actensis,Critically Endangered,6-Jun-05
Caladenia anthracina,Critically Endangered,16-Oct-01
Caladenia attenuata,Critically Endangered,11-May-18
Caladenia campbellii,Critically Endangered,16-Oct-01
Caladenia cremna,Critically Endangered,12-Feb-10
Caladenia intuta,Critically Endangered,8-Jan-09
Caladenia lindleyana,Critically Endangered,16-Oct-01
Caladenia lodgeana,Critically Endangered,26-Feb-13
Caladenia luteola,Critically Endangered,15-Feb-18
Caladenia melanema,Critically Endangered,8-Jan-09
Caladenia pallida,Critically Endangered,16-Oct-01
Caladenia procera,Critically Endangered,8-Jan-09
Caladenia pumila,Critically Endangered,30-Sep-11
Caladenia saggicola,Critically Endangered,16-Oct-01
Caladenia sp. Kilsyth South (G.S.Lorimer 1253),Critically Endangered,4-Oct-01
Caladenia sylvicola,Critically Endangered,16-Oct-01
Caladenia tonellii,Critically Endangered,16-Oct-01
Calectasia cyanea,Critically Endangered,18-Aug-06
Callistemon megalongensis,Critically Endangered,17-Nov-15
Callistemon purpurascens,Critically Endangered,11-May-18
Callistemon wimmerensis,Critically Endangered,31-Mar-11
Callitris oblonga subsp. corangensis,Critically Endangered,31-Mar-23
Calochilus cupreus,Critically Endangered,5-May-16
Calystegia affinis,Critically Endangered,25-Nov-03
Cassinia tegulata,Critically Endangered,8-Jan-09
Clausena excavata,Critically Endangered,4-Jul-19
Clematis dubia,Critically Endangered,25-Nov-03
Coleus insularis,Critically Endangered,5-Sep-25
Commersonia apella,Critically Endangered,15-Feb-18
Conospermum galeatum,Critically Endangered,11-May-18
Conostylis setigera subsp. dasys,Critically Endangered,11-Jun-09
Corunastylis ectopa,Critically Endangered,6-Jun-05
Corunastylis firthii,Critically Endangered,16-Oct-01
Corunastylis insignis,Critically Endangered,19-Jul-14
Corunastylis littoralis,Critically Endangered,22-Feb-11
Corunastylis sp. Charmhaven (NSW 896673) = Genoplesium branwhiteorum,Critically Endangered,19-Jul-14
Corybas sulcatus,Critically Endangered,26-Feb-13
Croton mamillatus,Critically Endangered,7-Sep-23
Darwinia collina,Critically Endangered,5-Oct-22
Darwinia foetida,Critically Endangered,11-Jun-09
Dasymalla axillaris,Critically Endangered,19-Aug-10
Daviesia glossosema,Critically Endangered,18-Aug-06
Daviesia ovata,Critically Endangered,11-May-18
Daviesia pseudaphylla,Critically Endangered,31-Mar-23
Decaspermum struckoilicum,Critically Endangered,20-Mar-23
Deyeuxia ramosa,Critically Endangered,15-Nov-23
Diuris flavescens,Critically Endangered,24-Jan-14
Duma horrida subsp. abdita,Critically Endangered,18-Aug-06
Eidothea hardeniana,Critically Endangered,23-Jul-02
Elatostema montanum,Critically Endangered,25-Nov-03
Epacris graniticola,Critically Endangered,30-Jun-09
Epacris limbata,Critically Endangered,23-Jul-02
Epacris stuartii,Critically Endangered,16-Oct-01
Eremophila glabra subsp. Scaddan (C.Turley s.n. 10/11/2005),Critically Endangered,4-Jul-19
Eremophila koobabbiensis,Critically Endangered,1-Dec-09
Eremophila rostrata,Critically Endangered,1-Dec-09
Eremophila sp. Narrow leaves (J.D.Start D12-150) = Eremophila subangustifolia,Critically Endangered,11-May-18
Eucalyptus aquatica,Critically Endangered,4-Sep-24
Eucalyptus benthamii,Critically Endangered,4-Sep-24
Eucalyptus dalveenica,Critically Endangered,7-Sep-23
Eucalyptus imlayensis,Critically Endangered,31-Mar-23
Eucalyptus morrisbyi,Critically Endangered,31-Mar-23
Eucalyptus paliformis,Critically Endangered,5-Mar-25
Eucalyptus phoenix,Critically Endangered,7-Sep-23
Eucalyptus recurva,Critically Endangered,9-Apr-15
Eucalyptus scopulorum,Critically Endangered,5-Mar-25
"Eucalyptus sp. Cattai (Gregson s.n., 28 Aug 1954) = Eucalyptus cryptica",Critically Endangered,11-May-18
Euphorbia norfolkiana,Critically Endangered,25-Nov-03
Euphrasia arguta,Critically Endangered,19-Mar-11
Euphrasia fragosa,Critically Endangered,16-Oct-01
Euphrasia gibbsiae subsp. psilantherea,Critically Endangered,16-Oct-01
Fontainea oraria,Critically Endangered,4-Jul-19
"Fontainea sp. Coffs Harbour (A.S.Benwell 341, NSW1102027)",Critically Endangered,16-Jul-24
Galium antarcticum,Critically Endangered,26-Feb-13
Gastrolobium argyrotrichum,Critically Endangered,11-May-18
Gastrolobium diabolophyllum,Critically Endangered,11-Jun-09
Gastrolobium luteifolium,Critically Endangered,1-Dec-09
Gastrolobium vestitum,Critically Endangered,11-May-18
Gentiana bredboensis,Critically Endangered,4-Jul-19
Gentiana wissmannii,Critically Endangered,5-Jul-23
Grevillea brachystylis subsp. grandis,Critically Endangered,8-Jan-09
Grevillea bracteosa subsp. howatharra,Critically Endangered,15-Aug-17
Grevillea burrowa,Critically Endangered,31-Mar-23
Grevillea caleyi,Critically Endangered,11-May-18
Grevillea hodgei,Critically Endangered,8-Dec-21
Grevillea rivularis,Critically Endangered,13-Nov-21
Grevillea scortechinii subsp. scortechinii,Critically Endangered,7-Dec-21
Grevillea sp. Gillingarra (R.J.Cranfield 4087) = Grevillea gillingarra,Critically Endangered,11-May-18
Grevillea thelemanniana,Critically Endangered,15-Feb-18
Grevillea wilkinsonii,Critically Endangered,13-Nov-21
Guichenotia seorsiflora,Critically Endangered,1-Dec-09
Gyrostemon reticulatus,Critically Endangered,18-Aug-06
Hakea dohertyi,Critically Endangered,15-Nov-23
Haloragis platycarpa,Critically Endangered,18-Aug-06
Hemigenia ramosissima,Critically Endangered,11-Jun-09
Hibbertia abyssus,Critically Endangered,7-Dec-16
Hibbertia circinata,Critically Endangered,13-Nov-21
Hibbertia priceana,Critically Endangered,11-Jun-09
Hibbertia puberula subsp. glabrescens,Critically Endangered,16-Jan-09
Hibbertia sp. Toolbrunup (J.R.Wheeler 2504) = Hibbertia barrettiae,Critically Endangered,4-Jul-19
Hibbertia spanantha,Critically Endangered,7-Dec-16
Hibbertia tenuis,Critically Endangered,19-Aug-10
Hibbertia wheelerae,Critically Endangered,15-Nov-23
Hibiscus insularis,Critically Endangered,25-Nov-03
Homoranthus bebo,Critically Endangered,4-Jul-19
Homoranthus bruhlii,Critically Endangered,13-Nov-21
Homoranthus elusus,Critically Endangered,13-Nov-21
Hybanthus cymulosus = Pigea cymulosa,Critically Endangered,1-Dec-09
Isopogon robustus,Critically Endangered,11-Jun-09
Kardomia prominens,Critically Endangered,7-Dec-21
Kunzea similis subsp. similis,Critically Endangered,11-May-18
Lambertia fairallii,Critically Endangered,7-Sep-23
Lasiopetalum sp. Mount Caroline (S.D. Hopper SDH 6381) = Lasiopetalum moullean,Critically Endangered,4-Jul-19
Lasiopetalum sp. Proston (J.A.Baker 17),Critically Endangered,12-Feb-10
Latrobea colophona = Latrobea colophon,Critically Endangered,11-May-18
Leichhardtia araujacea,Critically Endangered,15-Mar-23
Leionema ceratogynum,Critically Endangered,4-Sep-24
Leionema lamprophyllum subsp. fractum,Critically Endangered,13-Nov-21
Leionema westonii,Critically Endangered,20-Mar-23
Lenwebbia sp. Main Range (P.R.Sharpe+ 4877),Critically Endangered,22-Apr-22
Lepidium ginninderrense,Critically Endangered,4-Sep-24
Lepidorrhachis mooreana,Critically Endangered,26-Jun-15
Leptospermum benwellii,Critically Endangered,4-Sep-24
Leptospermum jingera,Critically Endangered,7-Sep-23
Leptospermum petraeum,Critically Endangered,4-Sep-24
Leucopogon gnaphalioides,Critically Endangered,31-Mar-23
"Leucopogon sp. Flynn (F.Hort, J.Hort & A.Lowrie 859)",Critically Endangered,11-May-18
Leucopogon spectabilis,Critically Endangered,19-Aug-10
Lobelia claviflora,Critically Endangered,20-Mar-23
Lomatia tasmanica,Critically Endangered,16-Oct-01
Lysiosepalum abollatum,Critically Endangered,14-May-13
Melichrus gibberagee,Critically Endangered,4-Sep-24
Melicytus latifolius,Critically Endangered,25-Nov-03
Meryta latifolia,Critically Endangered,25-Nov-03
Mitrantia bilocularis,Critically Endangered,20-Mar-23
Myoporum obscurum,Critically Endangered,25-Nov-03
Nematoceras dienemum = Corybas dienemus,Critically Endangered,12-Feb-10
Nematolepis frondosa,Critically Endangered,31-Mar-23
Nematolepis rhytidophylla,Critically Endangered,5-Mar-25
Nitella parooensis,Critically Endangered,11-Dec-20
Notelaea ipsviciensis = Notelaea x ipsviciensis,Critically Endangered,16-Jan-09
Oberonia attenuata,Critically Endangered,30-Apr-16
Paragoodia crenulata,Critically Endangered,14-May-13
Persoonia micranthera,Critically Endangered,7-Sep-23
Persoonia pauciflora,Critically Endangered,8-Jul-05
Phebalium daviesii,Critically Endangered,16-Oct-01
Phebalium speciosum,Critically Endangered,4-Jul-19
Pherosphaera fitzgeraldii,Critically Endangered,5-Mar-25
Philotheca falcata,Critically Endangered,30-Sep-11
Phlegmariurus squarrosus,Critically Endangered,25-Jan-14
Phreatia limenophylax = Plexaure limenophylax,Critically Endangered,25-Nov-03
Pimelea bracteata,Critically Endangered,7-Dec-21
Pimelea cremnophila,Critically Endangered,2-Mar-21
Pimelea spinescens subsp. pubiflora,Critically Endangered,10-Jun-09
Pimelea spinescens subsp. spinescens,Critically Endangered,1-May-03
Plinthanthesis rodwayi,Critically Endangered,3-Mar-21
Pneumatopteris truncata,Critically Endangered,6-Jul-04
Pomaderris delicata,Critically Endangered,11-May-18
Pomaderris gilmourii var. cana,Critically Endangered,5-Oct-22
Pomaderris reperta,Critically Endangered,8-Jan-08
Pomaderris sericea,Critically Endangered,4-Sep-24
Pomaderris vacciniifolia,Critically Endangered,24-Jan-14
Pomaderris walshii,Critically Endangered,25-Sep-20
Prasophyllum atratum,Critically Endangered,13-Nov-09
Prasophyllum bagoense,Critically Endangered,3-May-12
Prasophyllum castaneum,Critically Endangered,16-Oct-01
Prasophyllum favonium,Critically Endangered,16-Oct-01
Prasophyllum incorrectum,Critically Endangered,26-Nov-08
Prasophyllum innubum,Critically Endangered,24-Jan-14
Prasophyllum keltonii,Critically Endangered,24-Jan-14
Prasophyllum laxum,Critically Endangered,9-Apr-15
Prasophyllum limnetes,Critically Endangered,13-Nov-09
Prasophyllum littorale = Prasophyllum litorale,Critically Endangered,5-Oct-22
Prasophyllum milfordense,Critically Endangered,16-Oct-01
Prasophyllum murfetii,Critically Endangered,27-Nov-06
Prasophyllum olidum,Critically Endangered,16-Oct-01
Prasophyllum perangustum,Critically Endangered,16-Oct-01
Prasophyllum pulchellum,Critically Endangered,16-Oct-01
Prasophyllum robustum,Critically Endangered,16-Oct-01
Prasophyllum sp. Wybong (C.Phelps ORG 5269),Critically Endangered,13-Nov-09
Prasophyllum stellatum,Critically Endangered,16-Oct-01
Prasophyllum taphanyx,Critically Endangered,26-Nov-08
Prasophyllum uvidulum,Critically Endangered,15-Nov-23
Prostanthera albohirta,Critically Endangered,17-Apr-14
Prostanthera clotteniana,Critically Endangered,30-Sep-11
Prostanthera gilesii,Critically Endangered,13-Nov-21
Prostanthera marifolia,Critically Endangered,30-Sep-11
Prostanthera palustris,Critically Endangered,7-Sep-23
Prostanthera staurophylla,Critically Endangered,3-Mar-21
Pterostylis bryophila,Critically Endangered,27-Nov-06
Pterostylis commutata,Critically Endangered,16-Oct-01
Pterostylis oreophila,Critically Endangered,3-May-12
Pterostylis psammophila,Critically Endangered,5-May-16
Pterostylis valida,Critically Endangered,30-Sep-11
Pterostylis vernalis,Critically Endangered,12-Feb-10
Pterostylis wapstrarum,Critically Endangered,16-Oct-01
Ptilotus pyramidatus,Critically Endangered,12-Dec-13
Pultenaea sp. Genowlan Point (NSW 417813) = Pultenaea praecipua subsp. praecipua,Critically Endangered,15-Dec-04
Reedia spathacea,Critically Endangered,7-Jan-09
Rhizanthella gardneri,Critically Endangered,25-Sep-20
Rhizanthella johnstonii,Critically Endangered,25-Sep-20
Rhodamnia angustifolia,Critically Endangered,20-Mar-23
Rhodamnia longisepala,Critically Endangered,20-Mar-23
Rhodamnia maideniana,Critically Endangered,20-Mar-23
Rhodamnia rubescens,Critically Endangered,11-Dec-20
Rhodomyrtus psidioides,Critically Endangered,12-Dec-20
Sannantha whitei,Critically Endangered,16-Jul-24
Scaevola macrophylla,Critically Endangered,19-Aug-10
Seringia exastia,Critically Endangered,24-Dec-09
Solanum orgadophilum,Critically Endangered,8-Dec-21
Sphaerolobium acanthos,Critically Endangered,7-Dec-16
Spyridium fontis-woodii,Critically Endangered,6-Mar-21
Stylidium amabile,Critically Endangered,4-Jul-19
Stylidium applanatum,Critically Endangered,15-Feb-18
Stylidium semaphorum,Critically Endangered,11-May-18
Styphelia longissima,Critically Endangered,11-May-18
Synaphea sp. Fairbridge Farm (D.Papenfus 696),Critically Endangered,24-Dec-09
Synaphea sp. Pinjarra (R.Davis 6578),Critically Endangered,24-Dec-09
Synaphea sp. Serpentine (G.R.Brand 103),Critically Endangered,15-Feb-18
Tetratheca gunnii,Critically Endangered,16-Oct-01
Tetratheca nephelioides,Critically Endangered,14-May-13
Thelymitra adorata,Critically Endangered,19-Jul-14
Thelymitra cyanapicata,Critically Endangered,8-Jan-09
Thelymitra hygrophila,Critically Endangered,5-May-16
Thelymitra kangaloonica,Critically Endangered,8-Jan-09
Thelymitra orientalis,Critically Endangered,7-Sep-23
Thynninorchis nothofagicola,Critically Endangered,16-Oct-01
Veronica derwentiana subsp. homalodonta,Critically Endangered,24-Dec-09
Verticordia apecta,Critically Endangered,19-Aug-10
Westringia cremnophila,Critically Endangered,4-Sep-24
Wikstroemia australis,Critically Endangered,25-Nov-03
Wollemia nobilis,Critically Endangered,11-May-18
Xyris exilis,Critically Endangered,4-Sep-24
Zieria adenophora,Critically Endangered,15-Nov-23
Zieria buxijugum,Critically Endangered,25-Sep-20
Zieria exsul,Critically Endangered,8-Dec-21
Zieria odorifera subsp. warrabahensis,Critically Endangered,25-Sep-20
Zieria parrisiae,Critically Endangered,11-May-18
Acacia aprica,Endangered,16-Jul-00
Acacia aristulata,Endangered,16-Jul-00
Acacia ataxiphylla subsp. magna,Endangered,16-Jul-00
Acacia auratiflora,Endangered,16-Jul-00
Acacia baueri subsp. aspera,Endangered,15-Nov-23
Acacia brachypoda,Endangered,16-Jul-00
Acacia chapmanii subsp. australis,Endangered,18-Aug-06
Acacia cochlocarpa subsp. cochlocarpa,Endangered,16-Jul-00
Acacia courtii,Endangered,5-Mar-25
Acacia cretacea,Endangered,16-Jul-00
Acacia enterocarpa,Endangered,16-Jul-00
Acacia gordonii,Endangered,16-Jul-00
Acacia imitans,Endangered,8-Jan-09
Acacia insolita subsp. recurva,Endangered,16-Jul-00
Acacia lanigera var. gracilipes,Endangered,7-Sep-23
Acacia lanuginophylla,Endangered,16-Jul-00
Acacia leptalea,Endangered,16-Jul-00
Acacia lobulata,Endangered,16-Jul-00
Acacia meiantha,Endangered,11-May-18
Acacia pharangites,Endangered,16-Jul-00
Acacia pinguifolia,Endangered,16-Jul-00
Acacia porcata,Endangered,16-Jul-00
Acacia pygmaea,Endangered,16-Jul-00
Acacia recurvata,Endangered,16-Jul-00
Acacia rhamphophylla,Endangered,16-Jul-00
Acacia ruppii,Endangered,16-Jul-00
Acacia sciophanes,Endangered,16-Jul-00
Acacia spilleriana,Endangered,24-Dec-09
Acacia splendens,Endangered,16-Jul-00
Acacia subflexuosa subsp. capillata,Endangered,16-Jul-00
Acacia terminalis subsp. terminalis MS = Acacia terminalis subsp. Eastern Sydney (G.P.Phillips 126),Endangered,16-Jul-00
Acacia vassalii,Endangered,16-Jul-00
Acacia volubilis,Endangered,16-Jul-00
Acacia whibleyana,Endangered,16-Jul-00
Acacia wilsonii,Endangered,11-May-18
Acacia woodmaniorum,Endangered,4-Jul-19
Acronychia littoralis,Endangered,16-Jul-00
Adenanthos dobagii,Endangered,16-Jul-00
Adenanthos eyrei,Endangered,16-Jul-00
Adenanthos pungens subsp. effusus,Endangered,16-Jul-00
Adenanthos velutinus,Endangered,16-Jul-00
Alectryon ramiflorus,Endangered,16-Jul-00
Allocasuarina defungens,Endangered,16-Jul-00
Allocasuarina emuina,Endangered,16-Jul-00
Allocasuarina glareicola,Endangered,16-Jul-00
Allocasuarina portuensis,Endangered,16-Jul-00
Allocasuarina robusta,Endangered,27-Nov-06
Allocasuarina thalassoscopica,Endangered,16-Jul-00
Almaleea cambagei,Endangered,15-Nov-23
Amyema plicatula,Endangered,16-Jul-00
Andersonia gracilis,Endangered,16-Jul-00
Androcalva perlaria,Endangered,4-Jul-19
Androcalva rosea,Endangered,8-Jan-08
Anigozanthos bicolor subsp. minor,Endangered,16-Jul-00
Aponogeton bullosus,Endangered,16-Jul-00
Aponogeton prolifer,Endangered,16-Jul-00
Archontophoenix myolensis,Endangered,16-Jul-00
Aristida granitica,Endangered,16-Jul-00
Asterolasia elegans,Endangered,16-Jul-00
Astrotricha roddii,Endangered,16-Jul-00
Astrotricha sp. Wingan Inlet (J.A.Jeanes 2268),Endangered,7-Sep-23
Atalaya collina,Endangered,16-Jul-00
Atriplex yeelirrie,Endangered,22-Oct-15
Austrostipa bronwenae = Austrostipa bronweniae,Endangered,15-Feb-18
Austrostipa wakoolica,Endangered,16-Jul-00
Baeckea kandos,Endangered,16-Jul-00
Ballantinia antipoda,Endangered,16-Jul-00
Banksia cuneata,Endangered,16-Jul-00
Banksia ionthocarpa,Endangered,16-Jul-00
Banksia mimica,Endangered,16-Jul-00
Banksia nivea subsp. uliginosa,Endangered,16-Jul-00
Banksia oligantha,Endangered,16-Jul-00
Banksia penicillata,Endangered,4-Sep-24
Banksia pseudoplumosa,Endangered,8-Jan-09
Banksia rufa subsp. pumila,Endangered,11-May-18
Barbarea australis,Endangered,24-Jan-14
Bertya granitica,Endangered,16-Jul-00
Bertya ingramii,Endangered,16-Jul-00
Bertya mollissima,Endangered,31-Mar-23
Bertya sp. Clouds Creek (M.Fatemi 4),Endangered,5-Oct-22
Bertya tasmanica subsp. tasmanica,Endangered,6-Jun-05
Beyeria lepidopetala,Endangered,16-Jul-00
Blechnum norfolkianum,Endangered,25-Nov-03
Boronia capitata subsp. capitata,Endangered,16-Jul-00
Boronia clavata,Endangered,8-Jan-09
Boronia deanei subsp. acutifolia,Endangered,5-Mar-25
Boronia deanei subsp. deanei,Endangered,5-Mar-25
Boronia exilis,Endangered,16-Jul-00
Boronia granitica,Endangered,16-Jul-00
Boronia repanda,Endangered,16-Jul-00
Boronia revoluta,Endangered,16-Jul-00
Boronia subulifolia,Endangered,5-Mar-25
Borya mirabilis,Endangered,16-Jul-00
Bossiaea peninsularis,Endangered,7-Dec-16
Bossiaea sp. Frankland (E.M.Sandiford EMS 896),Endangered,4-Jul-19
Brachyscome muelleri,Endangered,16-Jul-00
Burmannia sp. Bathurst Island (R.Fensham 1021) = Burmannia championii,Endangered,16-Jul-00
Caladenia amnicola,Endangered,16-Jul-24
Caladenia amoena,Endangered,16-Jul-00
Caladenia arenaria,Endangered,16-Jul-00
Caladenia argocalla,Endangered,16-Jul-00
Caladenia atroclavia,Endangered,16-Jul-00
Caladenia audasii,Endangered,16-Jul-00
Caladenia barbarella,Endangered,1-Dec-09
Caladenia behrii,Endangered,16-Jul-00
Caladenia bryceana subsp. bryceana,Endangered,16-Jul-00
Caladenia busselliana,Endangered,16-Jul-00
Caladenia caesarea subsp. maritima,Endangered,16-Jul-00
Caladenia colorata,Endangered,16-Jul-00
Caladenia conferta,Endangered,27-Nov-06
Caladenia dienema,Endangered,4-Mar-11
Caladenia dorrienii,Endangered,16-Jul-00
Caladenia drakeoides,Endangered,16-Jul-00
Caladenia elegans,Endangered,16-Jul-00
Caladenia excelsa,Endangered,16-Jul-00
Caladenia fulva,Endangered,16-Jul-00
Caladenia gladiolata,Endangered,16-Jul-00
Caladenia graniticola,Endangered,4-Jul-19
Caladenia granitora,Endangered,11-May-18
Caladenia hastata,Endangered,16-Jul-00
Caladenia hoffmanii,Endangered,16-Jul-00
Caladenia hopperiana,Endangered,15-Feb-18
Caladenia huegelii,Endangered,16-Jul-00
Caladenia leucochila,Endangered,11-May-18
Caladenia lowanensis,Endangered,16-Jul-00
Caladenia macroclavia,Endangered,16-Jul-00
Caladenia orientalis,Endangered,16-Jul-00
Caladenia ovata,Endangered,5-Mar-25
Caladenia richardsiorum,Endangered,16-Jul-00
Caladenia rigida,Endangered,16-Jul-00
Caladenia robinsonii,Endangered,16-Jul-00
Caladenia rosella,Endangered,16-Jul-00
Caladenia tensa,Endangered,16-Jul-00
Caladenia thysanochila,Endangered,16-Jul-00
Caladenia viridescens,Endangered,16-Jul-00
Caladenia williamsiae,Endangered,18-Aug-06
Caladenia winfieldii,Endangered,16-Jul-00
Caladenia xanthochila,Endangered,16-Jul-00
Caladenia xantholeuca,Endangered,16-Jul-00
Callitris oblonga subsp. oblonga,Endangered,16-Jul-00
Calochilus psednus,Endangered,16-Jul-00
Calochilus pulchellus,Endangered,5-Oct-22
Calochilus richiae,Endangered,16-Jul-00
Calotis moorei,Endangered,16-Jul-00
Calytrix breviseta subsp. breviseta,Endangered,16-Jul-00
Carronia pedicellata,Endangered,16-Jul-00
Cassinia heleniae,Endangered,7-Sep-23
Cassinia theodorii,Endangered,5-Mar-25
Centrolepis pedderensis,Endangered,26-Nov-08
Chamelaucium sp. Gingin (N.G.Marchant 6) = Chamelaucium lullfitzii,Endangered,16-Jul-00
Chiloglottis anaticeps,Endangered,5-Oct-22
Chingia australis,Endangered,16-Jul-00
Chordifex abortivus,Endangered,16-Jul-00
Choretrum spicatum subsp. spicatum,Endangered,7-Sep-23
Chorizema humile,Endangered,16-Jul-00
Chorizema varium,Endangered,16-Jul-00
Commersonia erythrogyna,Endangered,16-Jul-00
Commersonia prostrata,Endangered,16-Jul-00
Conospermum densiflorum subsp. unicephalatum,Endangered,16-Jul-00
Conostylis dielsii subsp. teres,Endangered,16-Jul-00
Conostylis drummondii,Endangered,16-Jul-00
Conostylis lepidospermoides,Endangered,16-Jul-00
Conostylis micrantha,Endangered,16-Jul-00
Conostylis misera,Endangered,16-Jul-00
Conostylis seorsiflora subsp. trichophylla,Endangered,16-Jul-00
Conostylis wonganensis,Endangered,16-Jul-00
Coopernookia georgei,Endangered,16-Jul-00
Coprosma baueri,Endangered,25-Nov-03
Coprosma pilosa,Endangered,25-Nov-03
Corchorus cunninghamii,Endangered,16-Jul-00
Corokia whiteana,Endangered,5-Oct-22
Correa eburnea,Endangered,24-Jan-14
Correa lawrenceana var. genoensis,Endangered,16-Jul-00
Corunastylis brachystachya,Endangered,16-Jul-00
Cossinia australiana,Endangered,16-Jul-00
Craspedia preminghana,Endangered,6-Jul-04
Crepidium lawleri = Dienia lawleri,Endangered,16-Jul-00
Cyathea exilis,Endangered,16-Jul-00
Cycas megacarpa,Endangered,16-Jul-00
Cycas ophiolitica,Endangered,16-Jul-00
Cynanchum elegans,Endangered,16-Jul-00
Cyperus cephalotes,Endangered,16-Jul-00
Cyphanthera scabrella,Endangered,5-Sep-25
Daphnandra johnsonii,Endangered,16-Jul-00
Darwinia acerosa,Endangered,16-Jul-00
Darwinia apiculata,Endangered,16-Jul-00
Darwinia carnea,Endangered,16-Jul-00
Darwinia chapmaniana,Endangered,16-Jul-00
Darwinia ferricola,Endangered,16-Jul-00
Darwinia oxylepis,Endangered,16-Jul-00
Darwinia polychroma,Endangered,16-Jul-00
Darwinia whicherensis,Endangered,16-Jul-00
Darwinia wittwerorum,Endangered,16-Jul-00
Davidsonia jerseyana,Endangered,16-Jul-00
Davidsonia johnsonii,Endangered,16-Jul-00
Daviesia bursarioides,Endangered,16-Jul-00
Daviesia cunderdin,Endangered,16-Jul-00
Daviesia dielsii,Endangered,11-Jun-09
Daviesia euphorbioides,Endangered,16-Jul-00
Daviesia megacalyx,Endangered,16-Jul-00
Daviesia microcarpa,Endangered,16-Jul-00
Daviesia obovata,Endangered,8-Jan-09
Daviesia speciosa,Endangered,16-Jul-00
Dendrobium antennatum,Endangered,16-Jul-00
Dendrobium brachypus,Endangered,25-Nov-03
Dendrobium mirbelianum,Endangered,16-Jul-00
Dendrobium nindii,Endangered,16-Jul-00
Denhamia megacarpa,Endangered,5-Oct-22
Deyeuxia appressa,Endangered,16-Jul-00
Deyeuxia drummondii,Endangered,16-Jul-00
Deyeuxia talariata,Endangered,5-Sep-25
Dianella amoena,Endangered,16-Jul-00
Dichanthium queenslandicum,Endangered,26-Feb-13
Diospyros mabacea,Endangered,16-Jul-00
Diplazium pallidum,Endangered,16-Jul-00
Diploglottis campbellii,Endangered,16-Jul-00
Diplolaena andrewsii,Endangered,15-Feb-18
Dipodium campanulatum,Endangered,21-May-15
Dipodium pictum,Endangered,16-Jul-00
Diuris aequalis,Endangered,2-Mar-21
Diuris basaltica,Endangered,16-Jul-00
Diuris eborensis,Endangered,11-May-18
Diuris fragrantissima,Endangered,16-Jul-00
Diuris lanceolata,Endangered,16-Jul-00
Diuris pedunculata,Endangered,16-Jul-00
Diuris purdiei,Endangered,16-Jul-00
Dodonaea subglandulifera,Endangered,16-Jul-00
Drakaea confluens,Endangered,16-Jul-00
Drakaea elastica,Endangered,16-Jul-00
Drakaea isolata,Endangered,16-Jul-00
Drummondita ericoides,Endangered,16-Jul-00
Elaeocarpus miegei,Endangered,31-Mar-22
Elaeocarpus sedentarius,Endangered,16-Jul-00
Elaeocarpus williamsianus,Endangered,16-Jul-00
Endiandra cooperana,Endangered,16-Jul-00
Endiandra floydii,Endangered,16-Jul-00
Epacris apsleyensis,Endangered,16-Jul-00
Epacris barbata,Endangered,26-Nov-08
Epacris exserta,Endangered,16-Jul-00
Epacris glabella,Endangered,16-Jul-00
Epacris grandis,Endangered,16-Jul-00
Epacris hamiltonii,Endangered,16-Jul-00
Epacris sparsa,Endangered,4-Sep-24
Epacris virgata,Endangered,16-Jul-00
Eremochloa muricata,Endangered,16-Jul-00
Eremophila ciliata,Endangered,11-May-18
Eremophila denticulata subsp. trisulcata,Endangered,16-Jul-00
Eremophila glabra subsp. chlorella,Endangered,15-Feb-18
Eremophila lactea,Endangered,16-Jul-00
Eremophila nivea,Endangered,16-Jul-00
Eremophila pinnatifida,Endangered,16-Jul-00
Eremophila resinosa,Endangered,16-Jul-00
Eremophila scaberula,Endangered,16-Jul-00
Eremophila subteretifolia,Endangered,16-Jul-00
Eremophila ternifolia,Endangered,16-Jul-00
Eremophila verticillata,Endangered,16-Jul-00
Eremophila virens,Endangered,16-Jul-00
Eremophila viscida,Endangered,16-Jul-00
Eriocaulon australasicum,Endangered,16-Jul-00
Eriocaulon carsonii,Endangered,16-Jul-00
Eryngium fontanum,Endangered,16-Jul-00
Eucalyptus absita,Endangered,16-Jul-00
Eucalyptus alligatrix subsp. limaensis,Endangered,26-Feb-13
Eucalyptus brevipes,Endangered,16-Jul-00
Eucalyptus broviniensis,Endangered,20-Mar-23
Eucalyptus burdettiana,Endangered,16-Jul-00
Eucalyptus canobolensis,Endangered,19-Aug-10
Eucalyptus conglomerata,Endangered,16-Jul-00
Eucalyptus copulans,Endangered,16-Jul-00
Eucalyptus crenulata,Endangered,16-Jul-00
Eucalyptus crucis subsp. praecipua,Endangered,16-Jul-00
Eucalyptus cuprea,Endangered,16-Jul-00
Eucalyptus dolorosa,Endangered,16-Jul-00
Eucalyptus forresterae,Endangered,31-Mar-23
Eucalyptus gunnii subsp. divaricata,Endangered,1-May-03
Eucalyptus impensa = Eucalyptus x impensa,Endangered,16-Jul-00
Eucalyptus insularis,Endangered,16-Jul-00
Eucalyptus largeana,Endangered,11-May-18
Eucalyptus leprophloia,Endangered,16-Jul-00
Eucalyptus macarthurii,Endangered,5-May-16
Eucalyptus nudicaulis,Endangered,7-Sep-23
Eucalyptus pachycalyx subsp. banyabba,Endangered,16-Jul-00
Eucalyptus pruiniramis,Endangered,16-Jul-00
Eucalyptus recta,Endangered,11-Jun-09
Eucalyptus stenostoma,Endangered,7-Sep-23
Eucalyptus sturgissiana,Endangered,5-Mar-25
Eucalyptus taurina,Endangered,7-Sep-23
Eucalyptus x balanites,Endangered,16-Jul-00
Eucalyptus x paludicola,Endangered,27-Nov-06
Eucalyptus x phylacis,Endangered,16-Jul-00
Euphrasia collina subsp. muelleri,Endangered,16-Jul-00
Euphrasia collina subsp. osbornii,Endangered,16-Jul-00
Euphrasia semipicta,Endangered,16-Jul-00
Euphrasia sp. Bivouac Bay (W.R.Barker 7626 et al.),Endangered,16-Jul-00
Fimbristylis adjuncta,Endangered,16-Jul-00
Frankenia conferta,Endangered,1-Feb-07
Frankenia parvula,Endangered,18-Aug-06
Frankenia plicata,Endangered,16-Jul-00
Gardenia actinocarpa,Endangered,16-Jul-00
Gastrolobium glaucum,Endangered,16-Jul-00
Gastrolobium graniticum,Endangered,16-Jul-00
Gastrolobium hamulosum,Endangered,16-Jul-00
Gastrolobium humile,Endangered,11-May-18
Gastrolobium papilio,Endangered,16-Jul-00
Gaultheria viridicarpa,Endangered,25-Sep-20
Geniostoma huttonii,Endangered,26-Jun-15
Genoplesium baueri,Endangered,25-Jan-14
Genoplesium plumosum = Corunastylis plumosa,Endangered,16-Jul-00
Genoplesium rhyoliticum = Corunastylis rhyolitica,Endangered,16-Jul-00
Genoplesium tectum = Corunastylis tecta,Endangered,16-Jul-00
Gentiana baeuerlenii,Endangered,16-Jul-00
Gentiana wingecarribiensis,Endangered,16-Jul-00
Gingidia rupicola,Endangered,16-Jul-00
Glyceria drummondii,Endangered,16-Jul-00
Goodenia arthrotricha,Endangered,15-Feb-18
Gossia fragrantissima,Endangered,16-Jul-00
Gossia gonoclada,Endangered,16-Jul-00
Grammosolen odgersii subsp. occidentalis,Endangered,16-Jul-00
Graptophyllum reticulatum,Endangered,16-Jul-00
Grevillea acanthifolia subsp. paludosa,Endangered,16-Jul-00
Grevillea acropogon,Endangered,4-Jul-19
Grevillea althoferorum,Endangered,16-Jul-00
Grevillea batrachioides,Endangered,16-Jul-00
Grevillea beadleana,Endangered,16-Jul-00
Grevillea calliantha,Endangered,16-Jul-00
Grevillea christineae,Endangered,16-Jul-00
Grevillea corrugata,Endangered,26-Feb-13
Grevillea curviloba subsp. curviloba,Endangered,16-Jul-00
Grevillea curviloba subsp. incurva,Endangered,16-Jul-00
Grevillea dryandroides subsp. dryandroides,Endangered,16-Jul-00
Grevillea dryandroides subsp. hirsuta,Endangered,16-Jul-00
Grevillea guthrieana,Endangered,16-Jul-00
Grevillea humifusa,Endangered,16-Jul-00
Grevillea iaspicula,Endangered,16-Jul-00
Grevillea infundibularis,Endangered,16-Jul-00
Grevillea involucrata,Endangered,16-Jul-00
Grevillea jephcottii,Endangered,31-Mar-23
Grevillea maccutcheonii,Endangered,16-Jul-00
Grevillea masonii,Endangered,16-Jul-00
Grevillea maxwellii,Endangered,16-Jul-00
Grevillea mollis,Endangered,16-Jul-00
Grevillea molyneuxii,Endangered,16-Jul-00
Grevillea murex,Endangered,16-Jul-00
Grevillea obtusiflora,Endangered,16-Jul-00
Grevillea pythara,Endangered,16-Jul-00
Grevillea rara,Endangered,16-Jul-00
Grevillea rhizomatosa,Endangered,5-Mar-25
Grevillea scapigera,Endangered,16-Jul-00
Habenaria maccraithii,Endangered,16-Jul-00
Hakea macrorrhyncha,Endangered,15-Nov-23
Hakea pulvinifera,Endangered,16-Jul-00
Haloragis eyreana,Endangered,16-Jul-00
Haloragodendron lucasii,Endangered,16-Jul-00
Helicteres macrothrix,Endangered,18-Aug-06
Hemiandra gardneri,Endangered,16-Jul-00
Hemiandra rutilans,Endangered,16-Jul-00
Hibbertia acaulothrix,Endangered,7-Sep-23
Hibbertia basaltica,Endangered,26-Nov-08
Hibbertia cistiflora subsp. quadristaminea,Endangered,7-Sep-23
Hibbertia praemorsa,Endangered,7-Sep-23
Homoranthus decumbens,Endangered,26-Feb-13
Hypocalymma angustifolium subsp. Hutt River (S.Patrick 2982),Endangered,4-Jul-19
Hypocalymma sp. Cascade (R.Bruhn 20896) = Hypocalymma magnificum,Endangered,4-Jul-19
Hypocalymma sylvestre,Endangered,11-May-18
Hypolepis distans = Hiya distans,Endangered,16-Oct-01
Indigofera efoliata,Endangered,16-Jul-00
Irenepharsus trypherus,Endangered,16-Jul-00
Isoglossa eranthemoides,Endangered,16-Jul-00
Isopogon uncinatus,Endangered,16-Jul-00
Jacksonia pungens,Endangered,16-Jul-00
Jacksonia quairading,Endangered,16-Jul-00
Jacksonia velveta,Endangered,16-Jul-00
Kardomia silvestris,Endangered,5-Mar-25
Kennedia lateritia,Endangered,16-Jul-00
Kunzea juniperoides subsp. pernervosa,Endangered,5-Sep-25
Lachnagrostis adamsonii,Endangered,16-Jul-00
Lachnagrostis limitanea,Endangered,16-Jul-00
Lambertia echinata subsp. echinata,Endangered,16-Jul-00
Lambertia echinata subsp. occidentalis,Endangered,16-Jul-00
Lambertia orbifolia,Endangered,16-Jul-00
Lasiopetalum pterocarpum,Endangered,16-Jul-00
Lasiopetalum rotundifolium,Endangered,16-Jul-00
Lastreopsis calantha,Endangered,25-Nov-03
Lechenaultia laricina,Endangered,16-Jul-00
Leionema equestre,Endangered,16-Jul-00
Leionema lachnaeoides,Endangered,16-Jul-00
Lepidium hyssopifolium,Endangered,16-Jul-00
Lepidium monoplocoides,Endangered,16-Jul-00
Lepidium peregrinum,Endangered,1-May-03
Lepidosperma rostratum,Endangered,16-Jul-00
Leptospermum thompsonii,Endangered,5-Mar-25
Leucochrysum albicans subsp. tricolor,Endangered,16-Jul-00
Leucopogon confertus,Endangered,16-Jul-00
Leucopogon marginatus,Endangered,16-Jul-00
Leucopogon nitidus,Endangered,15-Feb-18
Leucopogon obtectus,Endangered,16-Jul-00
Leucopogon sp. Coolmunda (D.Halford Q1635) = Styphelia sp. Coolmunda (D.Halford Q1635),Endangered,16-Jul-00
Livistona mariae subsp. mariae,Endangered,11-May-18
Lychnothamnus barbatus,Endangered,16-Jul-00
Macadamia jansenii,Endangered,16-Jul-00
Macarthuria keigheryi,Endangered,16-Jul-00
Macrozamia cranei,Endangered,16-Jul-00
Macrozamia johnsonii,Endangered,5-Oct-22
Macrozamia lomandroides,Endangered,16-Jul-00
Macrozamia pauli-guilielmi,Endangered,16-Jul-00
Macrozamia platyrhachis,Endangered,16-Jul-00
Marattia salicina = Ptisana salicina,Endangered,25-Nov-03
Marianthus paralius,Endangered,15-Feb-18
Melaleuca sciotostyla,Endangered,16-Jul-00
Melaleuca sp. Wanneroo (G.J. Keighery 16705),Endangered,4-Jul-19
Melichrus sp. Newfoundland State Forest (P.Gilmour 7852),Endangered,16-Jul-00
Microcarpaea agonis,Endangered,16-Jul-00
Micromyrtus grandis,Endangered,16-Jul-00
Microtis angusii,Endangered,16-Jul-00
Monotoca rotundifolia,Endangered,31-Mar-23
Muehlenbeckia australis,Endangered,25-Nov-03
Muehlenbeckia tuggeranong,Endangered,16-Jul-00
Myriophyllum lapidicola,Endangered,16-Jul-00
Myrsine richmondensis,Endangered,16-Jul-00
Ochrosia moorei,Endangered,16-Jul-00
Olearia arckaringensis,Endangered,7-Dec-16
Olearia flocktoniae,Endangered,16-Jul-00
Olearia hygrophila,Endangered,16-Jul-00
Olearia microdisca,Endangered,16-Jul-00
Olearia rugosa subsp. distalilobata,Endangered,15-Nov-23
Ornduffia calthifolia,Endangered,16-Jul-00
Pandanus spiralis var. flammeus,Endangered,16-Jul-00
Paracaleana dixonii = Caleana dixonii,Endangered,16-Jul-00
Parsonsia dorrigoensis,Endangered,16-Jul-00
Patersonia spirifolia,Endangered,16-Jul-00
Pelargonium sp. Striatellum (G.W.Carr 10345),Endangered,21-Dec-11
Pennantia endlicheri,Endangered,25-Nov-03
Persoonia acerosa,Endangered,4-Sep-24
Persoonia bargoensis,Endangered,7-Sep-23
Persoonia hindii,Endangered,4-Sep-24
Persoonia hirsuta,Endangered,16-Jul-00
Persoonia mollis subsp. maxima,Endangered,16-Jul-00
Persoonia nutans,Endangered,16-Jul-00
Persoonia oxycoccoides,Endangered,20-Mar-23
Petrophile latericola,Endangered,16-Jul-00
Phaius australis,Endangered,16-Jul-00
Phaius bernaysii,Endangered,16-Jul-00
Phalaenopsis amabilis subsp. rosenstromii = Phalaenopsis rosenstromii,Endangered,16-Jul-00
Phebalium distans,Endangered,22-Apr-22
Philotheca basistyla,Endangered,16-Jul-00
Philotheca freyciana,Endangered,26-Nov-08
Philotheca wonganensis,Endangered,16-Jul-00
Phlegmariurus carinatus,Endangered,16-Jul-00
Phlegmariurus dalhousieanus,Endangered,16-Jul-00
Phlegmariurus filiformis,Endangered,16-Jul-00
Phreatia paleata = Eria paleata,Endangered,25-Nov-03
Pimelea axiflora subsp. pubescens,Endangered,4-Jul-19
Pimelea spicata,Endangered,16-Jul-00
Pimelea venosa,Endangered,16-Jul-00
Pityrodia scabra subsp. scabra,Endangered,16-Jul-00
Pityrodia sp. Marble Bar (G.Woodman & D.Coultas GWDC Opp 4) = Quoya zonalis,Endangered,11-May-18
Planchonella costata,Endangered,25-Nov-03
Planchonella eerwah,Endangered,16-Jul-00
Plectranthus habrophyllus = Coleus habrophyllus,Endangered,16-Jul-00
Plectranthus nitidus = Coleus nitidus,Endangered,16-Jul-00
Plectranthus omissus = Coleus omissus,Endangered,16-Jul-00
Plectranthus torrenticola = Coleus torrenticola,Endangered,16-Jul-00
Plesioneuron tuberculatum,Endangered,16-Jul-00
Polyphlebium endlicherianum,Endangered,25-Nov-03
Polystichum moorei,Endangered,26-Jun-15
Pomaderris cocoparrana,Endangered,11-May-18
Pomaderris cotoneaster,Endangered,16-Jul-00
Pomaderris gilmourii var. gilmourii,Endangered,5-Oct-22
Prasophyllum affine,Endangered,16-Jul-00
Prasophyllum amoenum,Endangered,16-Jul-00
Prasophyllum apoxychilum,Endangered,16-Jul-00
Prasophyllum correctum,Endangered,16-Jul-00
Prasophyllum crebriflorum,Endangered,26-Nov-08
Prasophyllum diversiflorum,Endangered,16-Jul-00
Prasophyllum frenchii,Endangered,16-Jul-00
Prasophyllum goldsackii,Endangered,27-Nov-06
Prasophyllum petilum,Endangered,16-Jul-00
Prasophyllum pruinosum,Endangered,19-Aug-10
Prasophyllum secutum,Endangered,16-Jul-00
Prasophyllum suaveolens,Endangered,16-Jul-00
Prasophyllum subbisectum,Endangered,16-Jul-00
Prasophyllum tunbridgense,Endangered,16-Jul-00
Prostanthera askania,Endangered,16-Jul-00
Prostanthera eurybioides,Endangered,16-Jul-00
Prostanthera junonis,Endangered,16-Jul-00
Prostanthera tallowa,Endangered,5-Mar-25
Pteris kingiana,Endangered,25-Nov-03
Pteris zahlbruckneriana,Endangered,25-Nov-03
Pterostylis X aenigma,Endangered,16-Jul-00
Pterostylis basaltica,Endangered,16-Jul-00
Pterostylis despectans,Endangered,16-Jul-00
Pterostylis gibbosa,Endangered,16-Jul-00
Pterostylis lepida,Endangered,16-Jul-00
Pterostylis metcalfei,Endangered,5-Mar-25
Pterostylis rubenachii,Endangered,16-Jul-00
Pterostylis saxicola,Endangered,16-Jul-00
Pterostylis sinuata,Endangered,16-Jul-00
Pterostylis sp. Botany Bay (A.Bishop J221/1-13),Endangered,16-Jul-00
Pterostylis sp. Hale (R.Bates 21725),Endangered,16-Jul-00
Ptilotus brachyanthus,Endangered,4-Sep-24
Ptilotus uncinellus,Endangered,4-Sep-24
Pultenaea aculeata,Endangered,4-Sep-24
Pultenaea baeuerlenii,Endangered,7-Sep-23
Pultenaea elusa,Endangered,16-Jul-00
Pultenaea trichophylla,Endangered,1-Dec-09
Randia moorei,Endangered,16-Jul-00
Ranunculus prasinus,Endangered,16-Jul-00
Rhizanthella slateri,Endangered,18-Dec-07
Ricinocarpos brevis,Endangered,19-Aug-10
Ricinocarpos trichophorus,Endangered,16-Jul-00
Roycea pycnophylloides,Endangered,16-Jul-00
Rutidosis leptorhynchoides,Endangered,16-Jul-00
Sagina diemensis,Endangered,26-Nov-08
Samadera sp. Moonee Creek (J.King s.n. Nov. 1949),Endangered,16-Jul-00
Sankowskya stipularis,Endangered,16-Jul-00
Schoenia filifolia subsp. subulifolia,Endangered,8-Jan-09
Sclerolaena napiformis,Endangered,16-Jul-00
Senecio behrianus,Endangered,16-Jul-00
Senecio evansianus,Endangered,25-Nov-03
Solanum dissectum,Endangered,7-Dec-16
Solanum graniticum,Endangered,8-Dec-21
Solanum johnsonianum,Endangered,7-Dec-16
Solanum sulphureum,Endangered,7-Dec-16
Sphenotoma drummondii,Endangered,16-Jul-00
Spirogardnera rubescens,Endangered,16-Jul-00
Sporobolus pamelae,Endangered,8-Dec-21
Spyridium cinereum,Endangered,16-Jul-24
Spyridium furculentum,Endangered,16-Jul-00
Spyridium lawrencei,Endangered,16-Jul-00
Stonesiella selaginoides,Endangered,16-Jul-00
Streblus pendulinus,Endangered,25-Nov-03
Stylidium asymmetricum,Endangered,4-Jul-19
Stylidium coroniforme subsp. amblyphyllum,Endangered,4-Jul-19
Stylidium coroniforme subsp. coroniforme,Endangered,4-Jul-19
Stylidium ensatum,Endangered,5-May-16
Styphelia perileuca,Endangered,5-Jul-23
Swainsona recta,Endangered,16-Jul-00
Symonanthus bancroftii,Endangered,16-Jul-00
Synaphea quartzitica,Endangered,16-Jul-00
Synaphea sp. Pinjarra Plain (A.S.George 17182),Endangered,15-Feb-18
Synaphea stenoloba,Endangered,24-Dec-09
Tarennoidea wallichii,Endangered,31-Mar-22
Tectaria devexa,Endangered,16-Jul-00
Telopea aspera,Endangered,4-Sep-24
Tetratheca deltoidea,Endangered,16-Jul-00
Tetratheca paynterae,Endangered,16-Jul-00
Thelymitra dedmaniarum,Endangered,16-Jul-00
Thelymitra epipactoides,Endangered,16-Jul-00
Thelymitra jonesii,Endangered,4-Mar-11
Thelymitra matthewsii,Endangered,4-Sep-24
Thelymitra stellata,Endangered,16-Jul-00
Thismia clavarioides,Endangered,5-Sep-25
Thomasia sp. Green Hill (S.Paust 1322),Endangered,16-Jul-00
Toechima pterocarpum,Endangered,16-Jul-00
Toechima sp. East Alligator (J.Russell-Smith 8418),Endangered,18-Aug-06
Trachymene scapigera,Endangered,16-Jul-00
Triplarina imbricata,Endangered,16-Jul-00
Triplarina nowraensis,Endangered,16-Jul-00
Trithuria occidentalis,Endangered,16-Jul-00
Triunia robusta,Endangered,16-Jul-00
Tylophora linearis = Vincetoxicum forsteri,Endangered,16-Jul-00
Tylophora rupicola = Vincetoxicum rupicola,Endangered,16-Jul-00
Tylophora woollsii = Vincetoxicum woollsii,Endangered,16-Jul-00
Typhonium jonesii,Endangered,18-Aug-06
Typhonium mirabile,Endangered,18-Aug-06
Typhonium taylori = Typhonium taylorii,Endangered,18-Aug-06
Uromyrtus australis,Endangered,16-Jul-00
Vappodes lithocola,Endangered,16-Jul-00
Veronica lithophila,Endangered,5-Jul-23
Veronica parnkalliana,Endangered,5-May-16
Verticordia albida,Endangered,16-Jul-00
Verticordia densiflora var. pedunculata,Endangered,16-Jul-00
Verticordia fimbrilepis subsp. fimbrilepis,Endangered,16-Jul-00
Verticordia hughanii,Endangered,16-Jul-00
Verticordia pityrhops,Endangered,16-Jul-00
Verticordia plumosa var. ananeotes,Endangered,16-Jul-00
Verticordia plumosa var. vassensis,Endangered,16-Jul-00
Verticordia spicata subsp. squamosa,Endangered,16-Jul-00
Verticordia staminosa subsp. staminosa,Endangered,16-Jul-00
Verticordia staminosa var. cylindracea,Endangered,16-Jul-00
Viola improcera,Endangered,7-Sep-23
Vrydagzynea grayi,Endangered,16-Jul-00
Westringia crassifolia,Endangered,16-Jul-00
Westringia kydrensis,Endangered,16-Jul-00
Wurmbea calcicola,Endangered,16-Jul-00
Wurmbea tubulosa,Endangered,16-Jul-00
Xanthorrhoea bracteata,Endangered,16-Jul-00
Xanthostemon formosus,Endangered,16-Jul-00
Xerothamnella herbacea,Endangered,16-Jul-00
Xylopia monosperma,Endangered,18-Aug-06
Xylosma parvifolia,Endangered,26-Jun-15
Zehneria baueriana,Endangered,25-Nov-03
Zieria baeuerlenii,Endangered,16-Jul-00
Zieria bifida,Endangered,16-Jul-00
Zieria covenyi,Endangered,16-Jul-00
Zieria floydii,Endangered,16-Jul-00
Zieria formosa,Endangered,16-Jul-00
Zieria granulata,Endangered,16-Jul-00
Zieria ingramii,Endangered,16-Jul-00
Zieria lasiocaulis,Endangered,16-Jul-00
Zieria obcordata,Endangered,16-Jul-00
Zieria prostrata,Endangered,16-Jul-00
Acacia ammophila,Vulnerable,16-Jul-00
Acacia anomala,Vulnerable,16-Jul-00
Acacia aphylla,Vulnerable,16-Jul-00
Acacia araneosa,Vulnerable,16-Jul-00
Acacia attenuata,Vulnerable,16-Jul-00
Acacia awestoniana,Vulnerable,16-Jul-00
Acacia axillaris,Vulnerable,16-Jul-00
Acacia bynoeana,Vulnerable,16-Jul-00
Acacia caerulescens,Vulnerable,16-Jul-00
Acacia carneorum,Vulnerable,16-Jul-00
Acacia crombiei,Vulnerable,16-Jul-00
Acacia curranii,Vulnerable,16-Jul-00
Acacia denticulosa,Vulnerable,16-Jul-00
Acacia depressa,Vulnerable,16-Jul-00
Acacia deuteroneura,Vulnerable,16-Jul-00
Acacia eremophiloides,Vulnerable,16-Jul-00
Acacia flocktoniae,Vulnerable,16-Jul-00
Acacia forrestiana,Vulnerable,16-Jul-00
Acacia georgensis,Vulnerable,16-Jul-00
Acacia glandulicarpa,Vulnerable,16-Jul-00
Acacia grandifolia,Vulnerable,16-Jul-00
Acacia handonis,Vulnerable,16-Jul-00
Acacia latzii,Vulnerable,16-Jul-00
Acacia lauta,Vulnerable,16-Jul-00
Acacia macnuttiana,Vulnerable,16-Jul-00
Acacia menzelii,Vulnerable,16-Jul-00
Acacia peuce,Vulnerable,16-Jul-00
Acacia phasmoides,Vulnerable,16-Jul-00
Acacia pickardii,Vulnerable,16-Jul-00
Acacia praemorsa,Vulnerable,24-Dec-09
Acacia praetermissa,Vulnerable,18-Aug-06
Acacia pubescens,Vulnerable,16-Jul-00
Acacia pubifolia,Vulnerable,16-Jul-00
Acacia pycnostachya,Vulnerable,16-Jul-00
Acacia rhetinocarpa,Vulnerable,16-Jul-00
Acacia undoolyana,Vulnerable,16-Jul-00
Acriopsis emarginata,Vulnerable,16-Jul-00
Acrophyllum australe,Vulnerable,16-Jul-00
Actephila foetida,Vulnerable,16-Jul-00
Actinotus schwarzii,Vulnerable,16-Jul-00
Adenanthos ellipticus,Vulnerable,16-Jul-00
Adenanthos pungens subsp. pungens,Vulnerable,16-Jul-00
Allocasuarina fibrosa,Vulnerable,16-Jul-00
Allocasuarina simulans,Vulnerable,16-Jul-00
Allocasuarina tortiramula,Vulnerable,16-Jul-00
Alloxylon flammeum,Vulnerable,16-Jul-00
Ammobium craspedioides,Vulnerable,16-Jul-00
Amphibromus fluitans,Vulnerable,16-Jul-00
Andersonia pinaster,Vulnerable,16-Jul-00
Androcalva procumbens,Vulnerable,16-Jul-00
Angophora inopina,Vulnerable,16-Jul-00
Angophora robur,Vulnerable,16-Jul-00
Anigozanthos viridis subsp. terraspectans,Vulnerable,16-Jul-00
Anthocercis gracilis,Vulnerable,16-Jul-00
Apatophyllum olsenii,Vulnerable,16-Jul-00
Apium prostratum subsp. Porongurup Range (G.J.Keighery 8631),Vulnerable,16-Jul-00
Archidendron lovelliae,Vulnerable,16-Jul-00
Argyrotegium nitidulum,Vulnerable,16-Jul-00
Aristida annua,Vulnerable,16-Jul-00
Arthraxon hispidus,Vulnerable,16-Jul-00
Asperula asthenes,Vulnerable,16-Jul-00
Asplenium hookerianum,Vulnerable,16-Jul-00
Asplenium pellucidum,Vulnerable,16-Jul-00
Asplenium wildii = Hymenasplenium wildii,Vulnerable,16-Jul-00
Astelia australiana,Vulnerable,16-Jul-00
Asterolasia nivea,Vulnerable,16-Jul-00
Asterolasia phebalioides,Vulnerable,16-Jul-00
Astrotricha crassifolia,Vulnerable,16-Jul-00
Atriplex infrequens,Vulnerable,16-Jul-00
Austrostipa metatoris,Vulnerable,16-Jul-00
Baloghia marmorata,Vulnerable,16-Jul-00
Baloskion longipes,Vulnerable,16-Jul-00
Banksia catoglypta,Vulnerable,11-May-18
Banksia goodii,Vulnerable,16-Jul-00
Banksia serratuloides subsp. serratuloides,Vulnerable,16-Jul-00
Banksia sphaerocarpa var. dolichostyla = Banksia dolichostyla,Vulnerable,16-Jul-00
Banksia squarrosa subsp. argillacea,Vulnerable,16-Jul-00
Banksia verticillata,Vulnerable,16-Jul-00
Bertya calycina,Vulnerable,16-Jul-00
Bertya ernestiana,Vulnerable,16-Jul-00
Bertya opponens,Vulnerable,16-Jul-00
Bertya pinifolia,Vulnerable,16-Jul-00
Beyeria subtecta,Vulnerable,16-Jul-00
Boronia adamsiana,Vulnerable,16-Jul-00
Boronia galbraithiae,Vulnerable,16-Jul-00
Boronia gunnii,Vulnerable,13-Apr-05
Boronia hemichiton,Vulnerable,13-Apr-05
Boronia hippopala,Vulnerable,13-Apr-05
Boronia keysii,Vulnerable,16-Jul-00
Boronia quadrilata,Vulnerable,16-Jul-00
Boronia umbellata,Vulnerable,16-Jul-00
Boronia viridiflora,Vulnerable,16-Jul-00
Bosistoa transversa,Vulnerable,16-Jul-00
Bossiaea oligosperma,Vulnerable,16-Jul-00
Bothriochloa bunyensis,Vulnerable,16-Jul-00
Brachyscome muelleroides,Vulnerable,16-Jul-00
Brachyscome papillosa,Vulnerable,16-Jul-00
Breynia macrantha,Vulnerable,16-Jul-00
Budawangia gnidioides = Epacris gnidioides,Vulnerable,16-Jul-00
Bulbophyllum globuliforme,Vulnerable,16-Jul-00
Bulbophyllum gracillimum,Vulnerable,16-Jul-00
Bulbophyllum longiflorum,Vulnerable,16-Jul-00
Cadellia pentastylis,Vulnerable,16-Jul-00
Caladenia brumalis,Vulnerable,16-Jul-00
Caladenia bryceana subsp. cracens,Vulnerable,16-Jul-00
Caladenia calcicola,Vulnerable,16-Jul-00
Caladenia caudata,Vulnerable,16-Jul-00
Caladenia christineae,Vulnerable,16-Jul-00
Caladenia concolor,Vulnerable,16-Jul-00
Caladenia formosa,Vulnerable,16-Jul-00
Caladenia harringtoniae,Vulnerable,16-Jul-00
Caladenia insularis,Vulnerable,16-Jul-00
Caladenia ornata,Vulnerable,16-Jul-00
Caladenia tessellata,Vulnerable,16-Jul-00
Caladenia versicolor,Vulnerable,16-Jul-00
Caladenia wanosa,Vulnerable,16-Jul-00
Caladenia woolcockiorum,Vulnerable,16-Jul-00
Calectasia pignattiana,Vulnerable,16-Jul-00
Callistemon forresterae,Vulnerable,16-Jul-00
Callistemon kenmorrisonii,Vulnerable,16-Jul-00
Callistemon pungens,Vulnerable,16-Jul-00
Callitris oblonga,Vulnerable,16-Jul-00
Calophyllum bicolor,Vulnerable,16-Jul-00
Calotis glandulosa,Vulnerable,16-Jul-00
Calytrix gurulmundensis,Vulnerable,16-Jul-00
Canarium acutifolium,Vulnerable,16-Jul-00
Capparis thozetiana,Vulnerable,16-Jul-00
Cassinia rugata,Vulnerable,16-Jul-00
Cepobaculum carronii = Dendrobium carronii,Vulnerable,16-Jul-00
Chamelaucium sp. Cataby (G.J.Keighery 11009),Vulnerable,16-Jul-00
Chamelaucium sp. S coastal plain (R.D.Royce 4872),Vulnerable,16-Jul-00
Cheiranthera volubilis,Vulnerable,16-Jul-00
Clematis fawcettii,Vulnerable,16-Jul-00
Codonocarpus pyramidalis,Vulnerable,16-Jul-00
Colobanthus curtisiae,Vulnerable,16-Jul-00
Comesperma oblongatum,Vulnerable,16-Jul-00
Conospermum hookeri,Vulnerable,18-Dec-07
Conospermum undulatum,Vulnerable,16-Jul-00
Conostylis rogeri,Vulnerable,16-Jul-00
Coopernookia scabridiuscula,Vulnerable,16-Jul-00
Cordyline obtecta,Vulnerable,25-Nov-03
Correa baeuerlenii,Vulnerable,16-Jul-00
Correa calycina,Vulnerable,16-Jul-00
Corybas dentatus,Vulnerable,16-Jul-00
Corybas montanus,Vulnerable,16-Jul-00
Corymbia clandestina,Vulnerable,16-Jul-00
Corymbia leptoloma,Vulnerable,16-Jul-00
Corymbia rhodops,Vulnerable,16-Jul-00
Corymbia xanthope,Vulnerable,16-Jul-00
Corynocarpus rupestris subsp. rupestris,Vulnerable,16-Jul-00
Cryptocarya foetida,Vulnerable,16-Jul-00
Cryptostylis hunteriana,Vulnerable,16-Jul-00
Ctenopterella blechnoides,Vulnerable,16-Jul-00
Cupaniopsis shirleyana,Vulnerable,16-Jul-00
Cupaniopsis tomentella,Vulnerable,16-Jul-00
Cycas cairnsiana,Vulnerable,16-Jul-00
Cycas platyphylla,Vulnerable,16-Jul-00
Cycas silvestris,Vulnerable,16-Jul-00
Cyclophyllum costatum,Vulnerable,16-Jul-00
Cyperus semifertilis,Vulnerable,16-Jul-00
Darwinia biflora,Vulnerable,16-Jul-00
Darwinia masonii,Vulnerable,16-Jul-00
Darwinia meeboldii,Vulnerable,16-Jul-00
Darwinia nubigena,Vulnerable,16-Jul-00
Darwinia squarrosa,Vulnerable,16-Jul-00
Daviesia discolor,Vulnerable,16-Jul-00
Daviesia elongata subsp. elongata,Vulnerable,16-Jul-00
Daviesia laevis,Vulnerable,16-Jul-00
Dendrobium bigibbum,Vulnerable,16-Jul-00
Dendrobium johannis,Vulnerable,16-Jul-00
Denhamia parvifolia,Vulnerable,16-Jul-00
Desmodium acanthocladum = Pedleya acanthoclada,Vulnerable,16-Jul-00
Deyeuxia pungens,Vulnerable,16-Jul-00
Dichanthium setosum,Vulnerable,16-Jul-00
Diplazium cordifolium,Vulnerable,16-Jul-00
Dischidia litoralis,Vulnerable,16-Jul-00
Diuris drummondii,Vulnerable,16-Jul-00
Diuris micrantha,Vulnerable,16-Jul-00
Diuris ochroma,Vulnerable,16-Jul-00
Diuris praecox,Vulnerable,16-Jul-00
Diuris venosa,Vulnerable,16-Jul-00
Dodonaea procumbens,Vulnerable,16-Jul-00
Dodonaea rupicola,Vulnerable,16-Jul-00
Drakaea concolor,Vulnerable,16-Jul-00
Drakaea micrantha,Vulnerable,16-Jul-00
Drosera prolifera,Vulnerable,16-Jul-00
Drosera schizandra,Vulnerable,16-Jul-00
Drummondita longifolia,Vulnerable,16-Jul-00
Dysoxylum bijugum,Vulnerable,25-Nov-03
Eleocharis keigheryi,Vulnerable,16-Jul-00
Eleocharis obicis,Vulnerable,16-Jul-00
Eleocharis papillosa,Vulnerable,18-Aug-06
Eleocharis retroflexa,Vulnerable,16-Jul-00
Endiandra hayesii,Vulnerable,16-Jul-00
Epilobium brunnescens subsp. beaugleholei,Vulnerable,16-Jul-00
Eremophila denticulata subsp. denticulata,Vulnerable,16-Jul-00
Eremophila prostrata,Vulnerable,16-Jul-00
Eremophila vernicosa,Vulnerable,18-Aug-06
Erythroxylum sp. Cholmondely Creek (J.R.Clarkson 9367) (Northern Territory Population),Vulnerable,25-Mar-23
Eucalyptus aggregata,Vulnerable,17-Nov-15
Eucalyptus alligatrix subsp. miscella,Vulnerable,16-Jul-00
Eucalyptus argophloia,Vulnerable,16-Jul-00
Eucalyptus argutifolia,Vulnerable,16-Jul-00
Eucalyptus articulata,Vulnerable,16-Jul-00
Eucalyptus beaniana,Vulnerable,16-Jul-00
Eucalyptus beardiana,Vulnerable,14-May-13
Eucalyptus cadens,Vulnerable,16-Jul-00
Eucalyptus caleyi subsp. ovendenii,Vulnerable,16-Jul-00
Eucalyptus camfieldii,Vulnerable,16-Jul-00
Eucalyptus ceracea,Vulnerable,16-Jul-00
Eucalyptus coronata,Vulnerable,16-Jul-00
Eucalyptus crispata,Vulnerable,16-Jul-00
Eucalyptus crucis subsp. crucis,Vulnerable,16-Jul-00
Eucalyptus glaucina,Vulnerable,16-Jul-00
Eucalyptus hallii,Vulnerable,16-Jul-00
Eucalyptus infera,Vulnerable,16-Jul-00
Eucalyptus johnsoniana,Vulnerable,16-Jul-00
Eucalyptus kabiana,Vulnerable,16-Jul-00
Eucalyptus kartzoffiana,Vulnerable,16-Jul-00
Eucalyptus langleyi,Vulnerable,16-Jul-00
Eucalyptus lateritica = Eucalyptus x lateritica,Vulnerable,16-Jul-00
Eucalyptus mckieana,Vulnerable,16-Jul-00
Eucalyptus merrickiae,Vulnerable,16-Jul-00
Eucalyptus mooreana,Vulnerable,16-Jul-00
Eucalyptus nicholii,Vulnerable,16-Jul-00
Eucalyptus paedoglauca,Vulnerable,16-Jul-00
Eucalyptus parramattensis subsp. decadens,Vulnerable,16-Jul-00
Eucalyptus parvula,Vulnerable,16-Jul-00
Eucalyptus platydisca,Vulnerable,16-Jul-00
Eucalyptus pulverulenta,Vulnerable,16-Jul-00
Eucalyptus pumila,Vulnerable,16-Jul-00
Eucalyptus raveretiana,Vulnerable,16-Jul-00
Eucalyptus rhodantha,Vulnerable,16-Jul-00
Eucalyptus robertsonii subsp. hemisphaerica,Vulnerable,16-Jul-00
Eucalyptus rubida subsp. barbigerorum,Vulnerable,16-Jul-00
Eucalyptus scoparia,Vulnerable,16-Jul-00
Eucalyptus steedmanii,Vulnerable,16-Jul-00
Eucalyptus strzeleckii,Vulnerable,16-Jul-00
Eucalyptus suberea,Vulnerable,16-Jul-00
Eucalyptus synandra,Vulnerable,16-Jul-00
Eucalyptus tetrapleura,Vulnerable,16-Jul-00
Eucalyptus virens,Vulnerable,16-Jul-00
Eucryphia wilkiei,Vulnerable,16-Jul-00
Euphorbia carissoides,Vulnerable,16-Jul-00
Euphorbia obliqua,Vulnerable,25-Nov-03
Euphrasia amphisysepala,Vulnerable,16-Jul-00
Euphrasia bella,Vulnerable,16-Jul-00
Euphrasia bowdeniae,Vulnerable,16-Jul-00
Euphrasia crassiuscula subsp. glandulifera,Vulnerable,16-Jul-00
Euphrasia eichleri,Vulnerable,16-Jul-00
Euphrasia phragmostoma,Vulnerable,16-Jul-00
Floydia praealta,Vulnerable,16-Jul-00
Fontainea australis,Vulnerable,16-Jul-00
Fontainea rostrata,Vulnerable,16-Jul-00
Fontainea venosa,Vulnerable,16-Jul-00
Gardenia psidioides,Vulnerable,16-Jul-00
Gastrolobium appressum,Vulnerable,16-Jul-00
Gastrolobium lehmannii,Vulnerable,18-Aug-06
Gastrolobium modestum,Vulnerable,16-Jul-00
Genoplesium vernale = Corunastylis vernalis,Vulnerable,4-Oct-01
Germainia capitata,Vulnerable,16-Jul-00
Glycine latrobeana,Vulnerable,16-Jul-00
Goodenia integerrima,Vulnerable,16-Jul-00
Goodenia quadrifida,Vulnerable,16-Jul-00
Graptophyllum ilicifolium,Vulnerable,16-Jul-00
Grevillea banyabba,Vulnerable,16-Jul-00
Grevillea bedggoodiana,Vulnerable,16-Jul-00
Grevillea brachystylis subsp. australis,Vulnerable,16-Jul-00
Grevillea celata,Vulnerable,16-Jul-00
Grevillea elongata,Vulnerable,16-Jul-00
Grevillea evansiana,Vulnerable,16-Jul-00
Grevillea flexuosa,Vulnerable,16-Jul-00
Grevillea floripendula,Vulnerable,16-Jul-00
Grevillea glossadenia,Vulnerable,16-Jul-00
Grevillea infecunda,Vulnerable,16-Jul-00
Grevillea kennedyana,Vulnerable,16-Jul-00
Grevillea montis-cole subsp. brevistyla,Vulnerable,16-Jul-00
Grevillea parviflora subsp. parviflora,Vulnerable,16-Jul-00
Grevillea quadricauda,Vulnerable,16-Jul-00
Grevillea raybrownii,Vulnerable,25-Sep-20
Grevillea shiressii,Vulnerable,16-Jul-00
Grevillea treueriana,Vulnerable,16-Jul-00
Hakea aculeata,Vulnerable,16-Jul-00
Hakea archaeoides,Vulnerable,16-Jul-00
Hakea fraseri,Vulnerable,16-Jul-00
Hakea maconochieana,Vulnerable,16-Jul-00
Hakea megalosperma,Vulnerable,16-Jul-00
Hakea trineura,Vulnerable,16-Jul-00
Haloragis exalata subsp. exalata,Vulnerable,16-Jul-00
Haloragis exalata subsp. velutina,Vulnerable,16-Jul-00
Helichrysum calvertianum,Vulnerable,25-Sep-20
Hensmania chapmanii,Vulnerable,16-Jul-00
Hexaspora pubescens,Vulnerable,16-Jul-00
Hibbertia crispula,Vulnerable,16-Jul-00
Hibbertia humifusa subsp. debilis,Vulnerable,16-Jul-00
Hibbertia humifusa subsp. erigens,Vulnerable,16-Jul-00
Hibbertia marginata,Vulnerable,16-Jul-00
Hibiscus brennanii,Vulnerable,18-Aug-06
Hibiscus cravenii,Vulnerable,18-Aug-06
Hicksbeachia pinnatifolia,Vulnerable,16-Jul-00
Homopholis belsonii,Vulnerable,16-Jul-00
Homoranthus darwinioides,Vulnerable,16-Jul-00
Homoranthus floydii,Vulnerable,7-Sep-23
Homoranthus lunatus,Vulnerable,16-Jul-00
Homoranthus montanus,Vulnerable,16-Jul-00
Homoranthus porteri,Vulnerable,16-Jul-00
Homoranthus prolixus,Vulnerable,16-Jul-00
Hoya australis subsp. oramicola,Vulnerable,18-Aug-06
Hydriastele costata,Vulnerable,16-Jul-00
Hypocalymma longifolium,Vulnerable,26-Feb-13
Hypolepis dicksonioides,Vulnerable,25-Nov-03
Ileostylus micranthus,Vulnerable,25-Nov-03
Isopogon fletcheri,Vulnerable,16-Jul-00
Ixodia achillaeoides subsp. arenicola,Vulnerable,16-Jul-00
Kardomia granitica,Vulnerable,16-Jul-00
Kelleria bogongensis,Vulnerable,16-Jul-00
Kennedia glabrata,Vulnerable,16-Jul-00
Kennedia retrorsa,Vulnerable,16-Jul-00
Kunzea cambagei,Vulnerable,16-Jul-00
Kunzea ericifolia subsp. subulata,Vulnerable,11-May-18
Kunzea rupestris,Vulnerable,16-Jul-00
Lasiopetalum joyceae,Vulnerable,16-Jul-00
Lasiopetalum longistamineum,Vulnerable,16-Jul-00
Lastreopsis walleri,Vulnerable,16-Jul-00
Lawrencia buchananensis,Vulnerable,16-Jul-00
Lechenaultia chlorantha,Vulnerable,16-Jul-00
Leiocarpa gatesii,Vulnerable,16-Jul-00
Leionema obtusifolium,Vulnerable,16-Jul-00
Leionema ralstonii,Vulnerable,16-Jul-00
Leionema sympetalum,Vulnerable,16-Jul-00
Lepidium aschersonii,Vulnerable,16-Jul-00
Lepidium pseudopapillosum,Vulnerable,16-Jul-00
Leptomeria dielsiana,Vulnerable,16-Jul-00
Leptospermum deanei = Gaudium deanei,Vulnerable,16-Jul-00
Leucopogon exolasius,Vulnerable,16-Jul-00
Leucopogon sp. Ongerup (A.S.George 16682) = Styphelia disjuncta,Vulnerable,15-Feb-18
Limonium australe var. baudinii,Vulnerable,13-Apr-05
Limosella granitica,Vulnerable,16-Jul-00
Lindsaea pulchella var. blanda,Vulnerable,16-Jul-00
Livistona lanuginosa,Vulnerable,16-Jul-00
Lobelia gelida,Vulnerable,16-Jul-00
Logania diffusa,Vulnerable,16-Jul-00
Logania insularis,Vulnerable,16-Jul-00
Macadamia integrifolia,Vulnerable,16-Jul-00
Macadamia ternifolia,Vulnerable,16-Jul-00
Macadamia tetraphylla,Vulnerable,16-Jul-00
Macropteranthes montana,Vulnerable,16-Jul-00
Macrozamia conferta,Vulnerable,16-Jul-00
Macrozamia macdonnellii,Vulnerable,16-Jul-00
Macrozamia machinii,Vulnerable,16-Jul-00
Macrozamia occidua,Vulnerable,16-Jul-00
Macrozamia parcifolia,Vulnerable,16-Jul-00
Maireana cheelii,Vulnerable,16-Jul-00
Marsdenia brevifolia = Leichhardtia brevifolia,Vulnerable,16-Jul-00
Marsdenia longiloba = Leichhardtia longiloba,Vulnerable,16-Jul-00
Marsdenia paludicola = Leichhardtia paludicola,Vulnerable,16-Jul-00
Medicosma elliptica,Vulnerable,16-Jul-00
Medicosma obovata,Vulnerable,16-Jul-00
Melaleuca biconvexa,Vulnerable,16-Jul-00
Melaleuca deanei,Vulnerable,4-Apr-01
Melaleuca kunzeoides,Vulnerable,16-Jul-00
Melicope littoralis,Vulnerable,25-Nov-03
Melicytus ramiflorus subsp. oblongifolius,Vulnerable,25-Nov-03
Meryta angustifolia,Vulnerable,25-Nov-03
Microcorys eremophiloides,Vulnerable,16-Jul-00
Microlepidium alatum,Vulnerable,16-Jul-00
Micromyrtus blakelyi,Vulnerable,16-Jul-00
Micromyrtus minutiflora,Vulnerable,16-Jul-00
Microtis globula,Vulnerable,16-Jul-00
Minuria tridens,Vulnerable,16-Jul-00
Mitrella tiwiensis,Vulnerable,18-Aug-06
Myoporum cordifolium,Vulnerable,16-Jul-00
Myriophyllum coronatum,Vulnerable,16-Jul-00
Myriophyllum porcatum,Vulnerable,16-Jul-00
Myrmecodia beccarii,Vulnerable,16-Jul-00
Myrsine ralstoniae,Vulnerable,25-Nov-03
Neisosperma kilneri,Vulnerable,16-Jul-00
Nematolepis squamea subsp. coriacea,Vulnerable,16-Jul-00
Nematolepis wilsonii,Vulnerable,16-Jul-00
Neoastelia spectabilis,Vulnerable,16-Jul-00
Neoroepera buxifolia,Vulnerable,16-Jul-00
Newcastelia velutina,Vulnerable,16-Jul-00
Notelaea lloydii,Vulnerable,16-Jul-00
Olax angulata,Vulnerable,16-Jul-00
Olearia astroloba,Vulnerable,16-Jul-00
Olearia cordata,Vulnerable,16-Jul-00
Olearia macdonnellensis,Vulnerable,16-Jul-00
Olearia pannosa subsp. pannosa,Vulnerable,16-Jul-00
Omphalea celata,Vulnerable,16-Jul-00
Oreogrammitis reinwardtii,Vulnerable,16-Jul-00
Owenia cepiodora,Vulnerable,16-Jul-00
Ozothamnus eriocephalus,Vulnerable,16-Jul-00
Ozothamnus reflexifolius,Vulnerable,6-Jul-04
Ozothamnus tesselatus,Vulnerable,16-Jul-00
Ozothamnus vagans,Vulnerable,16-Jul-00
Parsonsia larcomensis,Vulnerable,16-Jul-00
Paspalidium grandispiculatum,Vulnerable,16-Jul-00
Persicaria elatior,Vulnerable,16-Jul-00
Persoonia glaucescens,Vulnerable,16-Jul-00
Persoonia marginata,Vulnerable,16-Jul-00
Persoonia mollis subsp. revoluta,Vulnerable,24-Jun-21
Petrophile nivea,Vulnerable,11-May-18
Phaius pictus,Vulnerable,16-Jul-00
Phaleria biflora,Vulnerable,16-Jul-00
Phebalium glandulosum subsp. eglandulosum,Vulnerable,16-Jul-00
Phebalium lowanense,Vulnerable,16-Jul-00
Phebalium whitei,Vulnerable,16-Jul-00
Philotheca obovatifolia,Vulnerable,7-Sep-23
Philotheca papillata,Vulnerable,7-Dec-21
Phlegmariurus lockyeri,Vulnerable,16-Jul-00
Phlegmariurus marsupiiformis = Phlegmariurus delbrueckii,Vulnerable,16-Jul-00
Phlegmariurus tetrastichoides,Vulnerable,16-Jul-00
Phyllota humifusa,Vulnerable,16-Jul-00
Picris evae,Vulnerable,16-Jul-00
Pimelea curviflora var. curviflora,Vulnerable,16-Jul-00
Pimelea leptospermoides,Vulnerable,16-Jul-00
Pimelea pagophila,Vulnerable,16-Jul-00
Pittosporum bracteolatum,Vulnerable,25-Nov-03
Pityrodia augustensis,Vulnerable,16-Jul-00
Plectranthus gratus = Coleus gratus,Vulnerable,16-Jul-00
Plectranthus leiperi = Coleus leiperi,Vulnerable,16-Jul-00
Pleuropappus phyllocalymmeus = Angianthus phyllocalymmeus,Vulnerable,16-Jul-00
Poa sallacustris,Vulnerable,16-Jul-00
Polianthion minutiflorum,Vulnerable,16-Jul-00
Polyscias bellendenkerensis,Vulnerable,16-Jul-00
Pomaderris brunnea,Vulnerable,16-Jul-00
Pomaderris clivicola,Vulnerable,16-Jul-00
Pomaderris halmaturina subsp. halmaturina,Vulnerable,16-Jul-00
Pomaderris pallida,Vulnerable,16-Jul-00
Pomaderris parrisiae,Vulnerable,16-Jul-00
Pomaderris pilifera subsp. talpicutica,Vulnerable,26-Feb-13
Pomaderris subplicata,Vulnerable,16-Jul-00
Poranthera petalifera,Vulnerable,16-Jul-00
Prasophyllum colemaniae = Prasophyllum colemaniarum,Vulnerable,16-Jul-00
Prasophyllum fuscum,Vulnerable,16-Jul-00
Prasophyllum morganii,Vulnerable,16-Jul-00
Prasophyllum pallidum,Vulnerable,16-Jul-00
Prasophyllum spicatum,Vulnerable,16-Jul-00
Prasophyllum validum,Vulnerable,16-Jul-00
Prasophyllum wallum,Vulnerable,16-Jul-00
Prostanthera calycina,Vulnerable,16-Jul-00
Prostanthera cineolifera,Vulnerable,16-Jul-00
Prostanthera cryptandroides subsp. cryptandroides,Vulnerable,16-Jul-00
Prostanthera densa,Vulnerable,16-Jul-00
Prostanthera discolor,Vulnerable,16-Jul-00
Prostanthera galbraithiae,Vulnerable,16-Jul-00
Prostanthera nudula,Vulnerable,16-Jul-00
Prostanthera schultzii,Vulnerable,16-Jul-00
Prostanthera sp. Dunmore (D.M.Gordon 8A),Vulnerable,16-Jul-00
Prostanthera spathulata,Vulnerable,16-Jul-00
Prostanthera stricta,Vulnerable,16-Jul-00
Pseudocephalozia paludicola,Vulnerable,16-Jul-00
Pterostylis arenicola,Vulnerable,16-Jul-00
Pterostylis bicornis,Vulnerable,16-Jul-00
Pterostylis cheraphila,Vulnerable,16-Jul-00
Pterostylis chlorogramma,Vulnerable,16-Jul-00
Pterostylis cucullata,Vulnerable,16-Jul-00
Pterostylis mirabilis,Vulnerable,16-Jul-00
Pterostylis pratensis,Vulnerable,16-Oct-01
Pterostylis pulchella,Vulnerable,16-Jul-00
Pterostylis tenuissima,Vulnerable,16-Jul-00
Pterostylis xerophila,Vulnerable,16-Jul-00
Pterostylis ziegeleri,Vulnerable,26-Nov-08
Ptilotus beckerianus,Vulnerable,16-Jul-00
Ptychosema pusillum,Vulnerable,16-Jul-00
Pultenaea aristata,Vulnerable,16-Jul-00
Pultenaea glabra,Vulnerable,16-Jul-00
Pultenaea parrisiae,Vulnerable,16-Jul-00
Pultenaea parviflora,Vulnerable,16-Jul-00
Pultenaea pauciflora,Vulnerable,16-Jul-00
Pultenaea setulosa,Vulnerable,16-Jul-00
Pultenaea villifera var. glabrescens,Vulnerable,16-Jul-00
Pultenaea williamsoniana,Vulnerable,16-Jul-00
Ranunculus anemoneus,Vulnerable,16-Jul-00
Rhagodia acicularis,Vulnerable,16-Jul-00
Rhaphidospora bonneyana,Vulnerable,16-Jul-00
Rhaponticum australe = Leuzea australis,Vulnerable,16-Jul-00
Rhinerrhizopsis matutina,Vulnerable,16-Jul-00
Ricinocarpos gloria-medii,Vulnerable,16-Jul-00
Ristantia gouldii,Vulnerable,16-Jul-00
Romnalda strobilacea,Vulnerable,16-Jul-00
Rutidosis heterogama,Vulnerable,16-Jul-00
Rutidosis leiolepis,Vulnerable,16-Jul-00
Rytidosperma pumilum,Vulnerable,16-Jul-00
Samadera bidwillii,Vulnerable,16-Jul-00
Sannantha crenulata,Vulnerable,16-Jul-00
Sannantha tozerensis,Vulnerable,16-Jul-00
Sarcochilus fitzgeraldii,Vulnerable,16-Jul-00
Sarcochilus hartmannii,Vulnerable,16-Jul-00
Sarcochilus hirticalcar,Vulnerable,16-Jul-00
Sarcochilus weinthalii,Vulnerable,16-Jul-00
Sclerolaena blakei,Vulnerable,16-Jul-00
Sclerolaena walkeri,Vulnerable,16-Jul-00
Selaginella andrewsii,Vulnerable,23-Feb-13
Senecio australis,Vulnerable,25-Nov-03
Senecio hooglandii,Vulnerable,25-Nov-03
Senecio macrocarpus,Vulnerable,16-Jul-00
Senecio megaglossus,Vulnerable,16-Jul-00
Senecio psilocarpus,Vulnerable,16-Jul-00
Solanum dunalianum,Vulnerable,16-Jul-00
Solanum karsense,Vulnerable,16-Jul-00
Sophora fraseri,Vulnerable,16-Jul-00
Spyridium coactilifolium,Vulnerable,16-Jul-00
Spyridium eriocephalum var. glabrisepalum = Spyridium glabrisepalum,Vulnerable,16-Jul-00
Spyridium obcordatum,Vulnerable,16-Jul-00
Stachystemon nematophorus,Vulnerable,18-Aug-06
Stackhousia annua,Vulnerable,16-Jul-00
Stenanthemum pimeleoides,Vulnerable,26-Nov-08
Stylidium galioides,Vulnerable,16-Jul-00
Swainsona murrayana,Vulnerable,16-Jul-00
Swainsona plagiotropis,Vulnerable,16-Jul-00
Swainsona pyrophila,Vulnerable,16-Jul-00
Symplocos baeuerlenii,Vulnerable,16-Jul-00
Syzygium hodgkinsoniae,Vulnerable,16-Jul-00
Syzygium moorei,Vulnerable,16-Jul-00
Syzygium paniculatum,Vulnerable,16-Jul-00
Syzygium velarum,Vulnerable,16-Jul-00
Taeniophyllum norfolkianum,Vulnerable,25-Nov-03
Taraxacum cygnorum,Vulnerable,16-Jul-00
Tasmannia glaucifolia,Vulnerable,16-Jul-00
Tecticornia bulbosa,Vulnerable,16-Jul-00
Tecticornia flabelliformis,Vulnerable,16-Jul-00
Tephrosia leveillei,Vulnerable,16-Jul-00
Tetraria australiensis = Morelotia australiensis,Vulnerable,16-Jul-00
Tetratheca aphylla,Vulnerable,16-Jul-00
Tetratheca harperi,Vulnerable,16-Jul-00
Tetratheca juncea,Vulnerable,16-Jul-00
Thelymitra mackibbinii,Vulnerable,16-Jul-00
Thelymitra psammophila,Vulnerable,16-Jul-00
Thesium australe,Vulnerable,16-Jul-00
Thomasia glabripetala,Vulnerable,16-Jul-00
Thomasia montana,Vulnerable,16-Jul-00
Thryptomene wittweri,Vulnerable,16-Jul-00
Tmesipteris norfolkensis,Vulnerable,25-Nov-03
Tomophyllum walleri,Vulnerable,16-Jul-00
Tribonanthes purpurea,Vulnerable,16-Jul-00
Trichanthodium baracchianum,Vulnerable,16-Jul-00
Triplarina nitchaga,Vulnerable,16-Jul-00
Tropilis callitrophilis = Dendrobium callitrophilum,Vulnerable,16-Jul-00
Ungeria floribunda,Vulnerable,25-Nov-03
Vanda hindsii,Vulnerable,16-Jul-00
Vappodes phalaenopsis,Vulnerable,16-Jul-00
Velleia perfoliata,Vulnerable,16-Jul-00
Veronica ciliolata,Vulnerable,26-Nov-08
Verticordia carinata,Vulnerable,16-Jul-00
Verticordia crebra,Vulnerable,16-Jul-00
Verticordia fimbrilepis subsp. australis,Vulnerable,16-Jul-00
Verticordia helichrysantha,Vulnerable,16-Jul-00
Westringia davidii,Vulnerable,16-Jul-00
Westringia parvifolia,Vulnerable,16-Jul-00
Westringia rupicola,Vulnerable,16-Jul-00
Xanthorrhoea arenaria,Vulnerable,16-Jul-00
Xanthostemon oppositifolius,Vulnerable,16-Jul-00
Xerochrysum palustre,Vulnerable,16-Jul-00
Xerothamnella parvifolia,Vulnerable,16-Jul-00
Zeuxine polygonoides,Vulnerable,16-Jul-00
Zieria citriodora,Vulnerable,16-Jul-00
Zieria collina,Vulnerable,16-Jul-00
Zieria involucrata,Vulnerable,16-Jul-00
Zieria murphyi,Vulnerable,16-Jul-00
Zieria obovata,Vulnerable,16-Jul-00
Zieria rimulosa,Vulnerable,16-Jul-00
Zieria tuberculata,Vulnerable,16-Jul-00
Zieria verrucosa,Vulnerable,16-Jul-00
