"","country","subnational1","subnational2","threshold","area_ha","extent_2000_ha","extent_2010_ha","gain_2000.2012_ha","tc_loss_ha_2001","tc_loss_ha_2002","tc_loss_ha_2003","tc_loss_ha_2004","tc_loss_ha_2005","tc_loss_ha_2006","tc_loss_ha_2007","tc_loss_ha_2008","tc_loss_ha_2009","tc_loss_ha_2010","tc_loss_ha_2011","tc_loss_ha_2012","tc_loss_ha_2013","tc_loss_ha_2014","tc_loss_ha_2015","tc_loss_ha_2016","tc_loss_ha_2017","tc_loss_ha_2018","tc_loss_ha_2019","tc_loss_ha_2020","tc_loss_ha_2021","tc_loss_ha_2022","tc_loss_ha_2023","tc_loss_ha_2024"
"1","Australia","Ashmore and Cartier Islands","Ashmore and Cartier Islands",50,1788,1,0,0,0,0,0,0,0,0,0,0,0,0,0,0,0,0,0,0,0,0,0,0,0,0,0,0
"2","Australia","Australian Capital Territory","Unincorporated Australian Capita",50,235799,104791,78569,2210,241,691,9374,103,126,27,23,9,27,106,34,115,216,273,453,931,209,295,847,51816,153,143,73,348
"3","Australia","Coral Sea Islands Territory","Coral Sea Islands",50,707,0,0,0,0,0,0,0,0,0,0,0,0,0,0,0,0,0,0,0,0,0,0,0,0,0,0,0
"4","Australia","Jervis Bay Territory","Jervis Bay",50,6783,5610,5392,58,1,7,0,46,5,14,49,2,12,1,0,3,5,2,0,3,1286,12,3,0,167,1,21,2
"5","Australia","New South Wales","Albury",50,30589,794,614,794,7,7,24,25,32,25,51,13,84,17,13,96,9,0,0,15,21,5,0,0,0,0,0,1
"6","Australia","New South Wales","Armidale Dumaresq",50,423081,138808,139725,832,16,19,166,58,47,61,106,100,64,42,83,480,321,30,351,1206,2744,304,15047,14691,3435,451,84,90
"7","Australia","New South Wales","Ashfield",50,827,0,2,18,0,0,0,0,0,0,0,0,0,0,0,0,0,0,0,0,0,0,0,0,0,0,0,0
"8","Australia","New South Wales","Auburn",50,3246,63,81,101,0,0,0,0,0,1,1,0,0,0,0,0,0,0,0,0,0,0,0,0,0,0,0,0
"9","Australia","New South Wales","Ballina",50,48470,14152,15586,1483,39,21,57,51,38,57,28,49,91,29,37,24,62,84,48,37,273,20,343,27,60,50,37,60
"10","Australia","New South Wales","Balranald",50,2169330,823,611,3489,7,15,51,9,17,14,16,2,35,8,4,2,1,3,0,0,0,0,0,0,1,2,1,0
"11","Australia","New South Wales","Bankstown",50,7678,367,438,83,0,0,0,0,1,0,0,0,0,0,0,4,7,0,0,0,0,0,0,2,8,0,0,3
"12","Australia","New South Wales","Bathurst",50,381644,37596,34766,2742,62,212,299,436,120,75,322,195,513,422,50,59,223,182,272,985,62,144,575,548,216,340,172,232
"13","Australia","New South Wales","Bega Valley",50,627900,480656,463050,3471,687,959,1262,1169,1200,1744,1215,1183,1243,1300,985,1981,2681,2390,2337,3388,2515,5664,1630,161737,1070,495,5148,982
"14","Australia","New South Wales","Bellingen",50,160037,123013,122482,1580,43,144,420,226,102,331,312,532,567,264,554,375,768,430,206,262,443,428,716,2360,443,272,160,161
"15","Australia","New South Wales","Berrigan",50,206590,1590,2128,231,7,9,33,18,37,21,75,4,8,30,10,10,0,0,0,0,2,0,0,1,1,6,0,1
"16","Australia","New South Wales","Blacktown",50,24009,945,806,725,6,2,15,2,8,11,8,9,5,20,1,7,1,2,2,2,3,6,5,2,2,2,7,4
"17","Australia","New South Wales","Bland",50,855772,13,46,936,1,0,0,0,0,0,1,0,4,0,0,0,0,0,0,0,0,0,0,0,0,0,0,0
"18","Australia","New South Wales","Blayney",50,152489,2575,2793,815,23,23,70,11,61,5,22,10,51,51,29,27,1,245,74,379,0,102,143,67,6,24,11,17
"19","Australia","New South Wales","Blue Mountains",50,143109,131979,125666,1296,16,17,37,18,11,14,51,20,30,32,17,42,2931,278,465,986,174,446,19102,12392,659,43,1,1469
"20","Australia","New South Wales","Bogan",50,1460013,44,21,1285,0,0,1,0,0,0,4,0,0,1,0,0,0,0,0,0,0,0,0,0,2,0,0,0
"21","Australia","New South Wales","Bombala",50,394636,114928,102063,13061,463,637,504,1303,1338,1276,1336,1864,1632,1853,861,1423,896,1246,1087,1635,1212,992,1348,17438,1515,901,596,874
"22","Australia","New South Wales","Boorowa",50,257795,852,979,627,0,3,8,3,2,1,9,1,2,8,3,1,0,0,0,1,0,0,0,2,3,3,0,0
"23","Australia","New South Wales","Botany Bay",50,2168,12,14,13,0,0,0,0,0,0,0,1,0,0,0,0,0,0,0,0,0,0,0,0,0,0,0,0
"24","Australia","New South Wales","Bourke",50,4160535,8,1,729,0,0,0,0,0,0,1,1,0,0,0,0,0,0,0,0,0,0,0,0,0,0,0,0
"25","Australia","New South Wales","Brewarrina",50,1916649,21,1,250,0,0,0,1,0,0,1,1,0,1,0,0,0,0,0,0,0,0,0,0,0,0,0,0
"26","Australia","New South Wales","Broken Hill",50,17032,0,0,11,0,0,0,0,0,0,0,0,0,0,0,0,0,0,0,0,0,0,0,0,0,0,0,0
"27","Australia","New South Wales","Burwood",50,713,0,3,7,0,0,0,0,0,0,0,0,0,0,0,0,0,0,0,0,0,0,0,0,0,0,0,0
"28","Australia","New South Wales","Byron",50,56587,27907,27321,1076,29,32,39,59,55,61,64,41,111,31,45,23,126,66,29,56,145,46,86,384,31,94,376,107
"29","Australia","New South Wales","Cabonne",50,602389,22948,29265,3755,39,218,379,205,406,134,434,185,201,339,134,21,87,169,652,3029,698,633,384,924,393,156,122,358
"30","Australia","New South Wales","Camden",50,20130,988,886,466,4,2,6,8,2,3,9,5,5,10,12,7,2,2,8,20,16,10,9,2,13,27,14,1
"31","Australia","New South Wales","Campbelltown",50,31217,14558,13553,372,5,17,9,11,9,7,8,3,6,2,2,10,3,4,9,26,14,889,15,5,18,16,69,6
"32","Australia","New South Wales","Canada Bay",50,1990,22,35,26,0,0,0,0,0,0,0,0,0,0,0,0,0,0,0,0,0,0,0,0,0,0,0,0
"33","Australia","New South Wales","Canterbury",50,3357,37,54,44,0,0,0,0,0,0,0,0,0,0,0,0,0,0,0,0,0,0,0,0,0,0,0,0
"34","Australia","New South Wales","Carrathool",50,1893268,493,823,1886,1,0,7,2,2,6,6,1,12,4,5,8,0,0,0,3,1,4,0,0,0,5,0,0
"35","Australia","New South Wales","Central Darling",50,5349448,43,98,771,1,0,1,1,3,2,0,2,1,1,1,1,0,0,0,0,0,0,0,0,0,0,0,0
"36","Australia","New South Wales","Cessnock",50,196541,124211,116536,1166,98,107,111,146,193,157,172,132,79,79,136,307,816,104,129,416,464,240,8615,542,17,162,199,43
"37","Australia","New South Wales","Clarence Valley",50,1042878,650334,660092,11502,427,642,635,610,575,486,681,969,527,257,722,761,9370,2065,2338,6138,2868,2263,115117,10929,1522,575,1994,1254
"38","Australia","New South Wales","Cobar",50,4557158,24,58,5103,0,0,0,0,0,0,0,1,0,0,0,0,0,0,0,0,0,0,0,0,0,0,0,0
"39","Australia","New South Wales","Coffs Harbour",50,117378,81783,81975,1385,91,198,186,262,317,142,352,328,534,88,504,192,802,525,831,1021,626,398,525,485,630,256,388,120
"40","Australia","New South Wales","Conargo",50,873806,753,711,1136,3,1,19,17,13,6,21,5,22,20,10,8,0,0,0,0,0,0,0,1,0,0,0,0
"41","Australia","New South Wales","Coolamon",50,243091,19,4,244,0,0,7,0,5,0,0,1,0,0,0,0,0,0,0,0,0,0,0,0,0,0,0,0
"42","Australia","New South Wales","Cooma-Monaro",50,518448,152793,116200,3042,14,46,526,91,101,83,3493,98,66,1682,148,196,1468,277,75,316,216,478,300,40286,384,12,141,132
"43","Australia","New South Wales","Coonamble",50,991596,2367,3232,454,34,3,1,2,0,0,1,1,0,1,0,1,250,19,0,0,0,0,0,0,0,0,0,0
"44","Australia","New South Wales","Cootamundra",50,152379,152,446,425,1,4,11,0,0,1,2,1,0,3,0,0,0,0,0,0,0,0,0,1,0,0,0,0
"45","Australia","New South Wales","Corowa",50,232933,1790,3011,269,26,0,14,7,13,10,54,5,21,4,7,14,0,0,0,0,1,0,0,0,1,0,0,0
"46","Australia","New South Wales","Cowra",50,280869,6855,10233,1260,4,3,11,3,3,3,33,3,3,12,2,3,0,0,0,1183,3,1,17,465,4,77,10,15
"47","Australia","New South Wales","Deniliquin",50,14315,94,84,49,1,0,2,1,1,0,2,2,2,0,0,1,0,0,0,0,0,0,0,0,0,0,0,0
"48","Australia","New South Wales","Dubbo",50,342570,977,1958,2042,0,43,88,10,4,9,531,9,10,12,6,1,0,0,0,0,0,0,0,1,0,1,1,0
"49","Australia","New South Wales","Dungog",50,225000,95351,97241,937,40,127,95,77,84,69,64,34,102,38,46,1196,61,482,21,468,172,31,124,7390,17,58,14,25
"50","Australia","New South Wales","Eurobodalla",50,342824,291746,276530,1156,137,182,244,225,219,254,406,310,592,730,353,1093,774,885,813,1034,1467,882,1494,139595,897,169,203,258
"51","Australia","New South Wales","Fairfield",50,10153,240,286,176,1,1,1,1,0,1,1,2,0,1,1,1,0,0,1,0,0,0,0,0,1,0,9,1
"52","Australia","New South Wales","Forbes",50,471808,465,974,1310,2,4,15,5,2,5,12,3,4,12,5,9,0,0,0,0,0,0,0,0,0,0,0,0
"53","Australia","New South Wales","Gilgandra",50,483195,5478,6929,725,0,0,15,6,24,4,15,7,11,13,1,1,200,36,0,0,0,0,1,0,0,1,0,0
"54","Australia","New South Wales","Glen Innes Severn",50,548032,209795,184435,1178,159,151,549,221,311,324,362,271,239,267,194,70,191,2188,1589,312,607,138,38312,24048,30535,142,102,69
"55","Australia","New South Wales","Gloucester",50,295015,173388,171341,1883,27,34,93,56,64,106,115,101,145,58,72,73,254,397,120,417,819,234,6102,5267,0,42,132,55
"56","Australia","New South Wales","Gosford",50,96691,72989,66451,703,42,58,122,70,102,207,92,92,124,73,69,261,114,52,105,186,170,230,2912,1219,111,143,56,34
"57","Australia","New South Wales","Goulburn Mulwaree",50,322005,38737,32764,2705,89,110,396,68,90,34,58,32,58,54,15,170,110,112,17,123,93,285,135,5255,65,69,40,82
"58","Australia","New South Wales","Great Lakes",50,337329,220740,220717,4378,223,334,278,316,348,233,389,120,482,293,357,896,1078,1047,885,1983,1395,609,3211,977,452,220,673,322
"59","Australia","New South Wales","Greater Hume",50,574928,70500,69297,8228,174,355,793,975,428,811,1310,1251,1211,1224,588,559,761,1805,1490,1577,1186,1305,1420,13299,1096,904,753,975
"60","Australia","New South Wales","Greater Taree",50,372907,215200,219054,4833,207,128,214,385,291,211,316,384,574,106,369,581,3342,1320,968,737,1886,961,30500,10538,709,737,444,233
"61","Australia","New South Wales","Griffith",50,163986,198,248,245,2,0,10,4,8,3,10,7,12,8,1,1,2,0,0,0,0,0,0,0,0,0,0,0
"62","Australia","New South Wales","Gundagai",50,245715,14270,17063,3007,4,28,105,57,75,78,179,25,124,152,24,875,112,251,350,879,200,248,598,230,460,546,235,245
"63","Australia","New South Wales","Gunnedah",50,498747,1499,2536,365,0,1,6,2,1,0,2,1,1,4,0,1,0,0,0,0,0,0,1,3,1,0,0,0
"64","Australia","New South Wales","Guyra",50,438955,91417,76298,837,24,52,666,55,107,43,81,63,110,127,32,20,205,82,155,369,152,211,21496,14487,1940,86,99,39
"65","Australia","New South Wales","Gwydir",50,926238,13278,14434,698,0,3,27,12,20,3,21,17,7,153,14,4,9,17,3,2,3,103,1905,214,0,21,1,3
"66","Australia","New South Wales","Harden",50,186822,273,414,380,1,2,5,1,1,3,5,2,3,3,1,2,0,0,0,0,0,0,0,0,2,0,0,0
"67","Australia","New South Wales","Hawkesbury",50,277465,219761,194941,1242,45,81,54,56,33,58,35,42,35,43,30,208,3000,371,916,1090,207,307,40008,5089,433,154,34,23
"68","Australia","New South Wales","Hay",50,1132608,933,608,690,6,1,27,7,4,2,3,4,19,17,8,5,0,0,0,0,0,0,0,0,0,0,0,0
"69","Australia","New South Wales","Holroyd",50,4019,56,42,71,6,1,8,3,0,2,0,1,2,0,0,0,0,0,0,0,0,0,2,5,6,0,0,0
"70","Australia","New South Wales","Hornsby",50,46209,33795,28996,396,13,26,39,16,19,15,164,13,19,14,10,35,82,22,23,89,176,198,21,117,544,54,9,49
"71","Australia","New South Wales","Hunters Hill",50,571,47,54,13,0,0,0,0,0,0,0,0,0,0,0,0,0,0,0,0,0,0,0,0,0,0,0,0
"72","Australia","New South Wales","Hurstville",50,2272,160,160,21,0,0,2,0,0,0,0,0,0,0,0,1,0,0,0,0,0,0,0,0,0,0,0,0
"73","Australia","New South Wales","Inverell",50,859497,9644,5651,2696,4,17,102,13,14,19,76,21,14,75,15,11,2,19,2,22,8,13,200,199,167,22,0,1
"74","Australia","New South Wales","Jerilderie",50,337291,256,223,378,2,1,9,13,7,2,8,4,4,4,7,6,0,0,0,0,0,0,0,0,0,0,0,0
"75","Australia","New South Wales","Junee",50,203000,664,1317,466,1,0,2,0,0,3,0,1,0,0,1,0,0,0,1,0,0,0,0,4,0,2,0,0
"76","Australia","New South Wales","Kempsey",50,337573,218939,224066,3570,273,343,265,370,291,256,326,175,253,210,221,385,1715,818,208,1447,1949,648,33923,3222,335,111,5469,348
"77","Australia","New South Wales","Kiama",50,25768,12435,12454,102,5,2,11,2,2,4,8,2,6,1,2,122,2,79,11,71,4,2,81,2,196,11,0,2
"78","Australia","New South Wales","Kogarah",50,1554,37,52,12,0,0,0,0,0,0,0,0,0,0,0,0,0,0,0,0,0,0,0,0,0,0,0,0
"79","Australia","New South Wales","Ku-ring-gai",50,8539,3984,3620,49,1,4,6,3,6,3,9,2,8,10,5,22,5,11,7,13,2,10,4,1,15,11,0,19
"80","Australia","New South Wales","Kyogle",50,358408,177012,194690,4506,71,50,107,114,53,115,112,125,129,38,215,405,415,317,326,842,452,274,6942,2265,41,136,58,54
"81","Australia","New South Wales","Lachlan",50,1496529,144,110,6710,1,0,9,1,0,2,1,2,3,1,0,2,0,0,0,0,0,0,0,0,0,2,0,0
"82","Australia","New South Wales","Lake Macquarie",50,64807,37808,37112,1014,29,76,98,93,115,83,77,68,173,78,82,1322,841,56,79,73,160,68,198,189,83,75,61,21
"83","Australia","New South Wales","Lane Cove",50,1048,149,150,8,0,0,0,0,0,0,0,1,0,0,0,0,0,0,0,1,0,0,1,0,0,0,0,0
"84","Australia","New South Wales","Leeton",50,116682,416,628,332,1,0,4,4,15,4,11,4,12,5,3,7,0,0,0,0,0,0,0,0,0,0,0,0
"85","Australia","New South Wales","Leichhardt",50,1055,4,14,16,0,0,0,0,0,0,0,0,0,0,0,0,0,0,0,0,0,0,0,0,0,0,0,0
"86","Australia","New South Wales","Lismore",50,128777,42815,45391,1752,44,35,34,81,65,68,74,45,54,18,50,33,153,50,59,73,89,19,39,334,31,117,40,84
"87","Australia","New South Wales","Lithgow",50,451191,259424,232939,5370,78,149,673,662,675,526,570,902,679,1262,498,860,9601,2713,494,438,345,247,79317,32226,542,346,209,54
"88","Australia","New South Wales","Liverpool",50,30545,4705,5178,667,2,7,15,3,19,15,14,13,15,1,3,16,12,6,3,6,11,722,4,11,22,15,55,1
"89","Australia","New South Wales","Liverpool Plains",50,508236,23126,22512,898,0,0,4,1,2,0,10,6,6,3,0,3,0,0,0,0,0,2,336,890,0,2,0,0
"90","Australia","New South Wales","Lockhart",50,289589,68,39,369,21,1,2,0,0,2,5,0,0,0,0,0,0,0,0,0,0,0,0,0,2,0,0,0
"91","Australia","New South Wales","Maitland",50,39153,1876,2437,227,55,54,31,7,12,8,15,4,24,17,13,97,0,3,1,4,0,1,10,2,4,0,8,2
"92","Australia","New South Wales","Manly",50,1437,310,267,16,0,0,1,5,0,1,1,0,1,0,0,0,1,0,0,3,2,11,6,31,13,1,0,0
"93","Australia","New South Wales","Marrickville",50,1652,3,6,27,0,0,0,0,0,0,0,0,0,0,0,0,0,0,0,0,0,0,0,0,0,0,0,0
"94","Australia","New South Wales","Mid-Western Regional",50,875283,142358,126348,2582,25,18,87,40,83,88,256,52,110,176,35,44,23,15,40,46,936,96,13360,25606,144,32,16,23
"95","Australia","New South Wales","Moree Plains",50,1790596,3763,4787,2808,0,3,7,14,8,3,14,21,9,11,4,5,1,1,0,1,1,0,30,154,0,0,0,0
"96","Australia","New South Wales","Mosman",50,865,122,107,10,0,0,0,0,0,0,0,0,0,0,0,0,0,0,0,3,0,0,0,0,0,0,0,0
"97","Australia","New South Wales","Murray",50,434442,6419,4950,2590,191,25,134,51,224,146,124,256,48,20,20,15,1,0,1,10,18,1,3,1,5,4,1,0
"98","Australia","New South Wales","Murrumbidgee",50,350667,546,932,283,0,0,2,2,4,2,5,1,10,3,6,6,0,0,0,0,5,0,0,1,0,0,0,0
"99","Australia","New South Wales","Muswellbrook",50,340500,115639,106652,1072,2,1,33,8,22,30,38,8,10,20,5,90,1627,941,11,3,2,23,14099,19252,259,8,1,16
"100","Australia","New South Wales","Nambucca",50,149136,104980,106243,2694,84,86,112,199,114,162,147,139,96,55,58,234,359,593,700,388,279,177,2636,1733,173,24,187,219
"101","Australia","New South Wales","Narrabri",50,1301405,18698,26521,1506,0,3,5,6,6,35,94,9,25,6,0,0,0,2,2,25,0,36,3561,289,0,3,13,5
"102","Australia","New South Wales","Narrandera",50,411625,488,916,755,9,1,2,5,7,10,20,12,10,6,3,16,0,0,0,0,0,0,0,1,0,3,0,0
"103","Australia","New South Wales","Narromine",50,526055,461,561,553,2,6,6,3,1,2,14,7,12,5,3,3,0,0,0,1,0,0,2,0,0,0,0,0
"104","Australia","New South Wales","Newcastle",50,21179,3682,3871,190,7,12,11,10,5,11,4,3,28,17,34,261,27,5,3,10,5,4,9,0,17,33,61,13
"105","Australia","New South Wales","North Sydney",50,1049,47,50,21,0,0,0,0,0,0,0,0,0,0,0,0,0,0,0,0,0,0,0,0,0,0,0,0
"106","Australia","New South Wales","Oberon",50,362688,165042,150148,9357,1255,1276,1540,1603,2065,1997,3493,2353,2135,3724,1802,2344,1445,2349,2312,4202,1783,2366,18898,21807,1477,795,352,549
"107","Australia","New South Wales","Orange",50,28396,781,1108,556,6,33,26,5,2,10,13,7,3,3,6,2,0,4,0,16,3,0,3,1,0,1,0,0
"108","Australia","New South Wales","Palerang",50,514681,172511,147314,5221,249,273,543,550,590,631,506,430,413,778,389,644,638,891,288,327,456,490,16783,46570,482,341,240,76
"109","Australia","New South Wales","Parkes",50,595492,1581,3445,4557,0,5,10,0,0,1,205,0,2,6,0,3,0,0,0,19,4,0,43,0,0,0,0,0
"110","Australia","New South Wales","Parramatta",50,6135,245,299,71,1,0,0,1,0,0,1,1,3,0,1,2,0,0,0,0,0,0,0,0,0,0,0,0
"111","Australia","New South Wales","Penrith",50,40464,3813,3720,1089,9,16,7,23,15,14,32,14,10,8,3,5,22,2,7,65,28,105,11,6,25,26,15,3
"112","Australia","New South Wales","Pittwater",50,9035,5826,5173,103,1,1,5,33,18,9,22,5,5,2,15,38,324,65,22,128,8,94,34,119,24,12,4,1
"113","Australia","New South Wales","Port Macquarie-Hastings",50,368304,268874,266563,3951,198,383,310,339,444,459,595,1054,985,372,883,930,3429,1491,1332,1268,3349,2248,36443,5269,1647,420,975,509
"114","Australia","New South Wales","Port Stephens",50,85843,37190,38345,2035,36,137,73,67,93,100,50,40,145,70,50,520,1894,950,395,3369,123,1186,461,50,50,141,54,509
"115","Australia","New South Wales","Queanbeyan",50,17233,459,296,146,2,3,3,0,1,1,0,0,0,2,0,0,0,0,0,1,0,1,6,0,0,1,1,0
"116","Australia","New South Wales","Randwick",50,3634,123,126,67,0,0,0,1,0,0,0,0,0,0,0,0,0,4,1,0,2,0,0,1,2,0,1,0
"117","Australia","New South Wales","Richmond Valley",50,304740,148560,167000,5528,533,474,350,258,221,470,385,577,214,143,337,162,1162,1154,827,962,767,1005,26290,6922,90,80,600,111
"118","Australia","New South Wales","Rockdale",50,2823,19,39,21,0,0,0,0,0,0,0,0,0,0,0,0,0,0,0,0,0,0,0,0,0,0,0,0
"119","Australia","New South Wales","Ryde",50,4049,429,452,60,0,0,0,0,1,1,1,0,2,1,0,4,1,0,0,1,3,0,0,0,1,0,0,0
"120","Australia","New South Wales","Shellharbour",50,14736,4227,4272,91,0,4,1,1,1,2,1,2,1,1,1,2,2,1,1,3,4,0,2,1,0,1,0,1
"121","Australia","New South Wales","Shoalhaven",50,456703,361056,349999,1450,140,284,416,252,229,207,211,260,225,347,176,779,2202,738,904,2215,856,1351,10145,131259,451,605,436,618
"122","Australia","New South Wales","Singleton",50,489276,232483,219265,2914,15,93,54,85,67,80,101,25,92,62,30,507,306,535,21,293,54,4221,23916,5964,130,64,26,35
"123","Australia","New South Wales","Snowy River",50,603029,165350,117706,1796,32,160,3996,130,408,195,660,145,67,86,74,250,85,42,156,416,35,74,303,25546,32,288,4,14
"124","Australia","New South Wales","Strathfield",50,1391,0,5,16,0,0,0,0,0,0,0,0,0,0,0,0,0,0,0,0,0,0,0,0,0,0,0,0
"125","Australia","New South Wales","Sutherland",50,34337,21559,21058,266,20,88,24,6,22,4,5,5,2,7,6,100,9,15,90,37,253,1788,213,450,367,30,188,7
"126","Australia","New South Wales","Sydney",50,2672,19,37,46,0,0,0,0,0,0,0,0,0,0,0,0,0,0,0,0,0,0,0,0,0,0,0,0
"127","Australia","New South Wales","Tamworth Regional",50,988424,109538,100618,1829,32,66,411,195,205,287,539,305,420,944,453,159,150,138,73,965,204,282,10469,23858,0,802,120,401
"128","Australia","New South Wales","Temora",50,280208,78,15,542,1,0,36,4,0,2,5,0,6,0,1,0,0,0,0,0,0,0,0,0,0,0,0,0
"129","Australia","New South Wales","Tenterfield",50,732231,281694,266073,4114,229,85,440,249,188,186,162,314,246,385,362,162,224,419,319,961,1264,199,77015,4488,31214,399,911,351
"130","Australia","New South Wales","The Hills",50,40045,18933,16238,773,22,69,45,34,29,24,26,20,18,29,15,55,21,27,58,42,43,36,26,39,265,59,10,12
"131","Australia","New South Wales","Tumbarumba",50,439248,264665,229296,8128,141,337,11401,1230,1139,1078,831,1513,1103,1504,1018,1659,1551,1299,1617,2429,1301,969,4603,75258,810,198,54,169
"132","Australia","New South Wales","Tumut",50,456667,275746,245589,5935,895,2366,3558,2522,3007,1874,8715,2036,2222,2878,1588,2197,1849,2823,2281,2762,1663,1398,1582,76742,1187,263,126,547
"133","Australia","New South Wales","Tweed",50,130748,70303,67971,946,62,77,141,130,125,153,121,97,173,150,136,85,77,70,73,93,82,44,143,105,2,143,30,48
"134","Australia","New South Wales","Unincorporated New South Wales",50,9321546,1,0,833,0,0,0,0,0,0,0,0,0,0,0,0,0,0,0,0,0,0,0,0,0,0,0,0
"135","Australia","New South Wales","Upper Hunter",50,809600,128793,132412,1466,8,18,48,17,33,37,81,43,79,69,18,18,36,35,22,82,148,54,1561,6501,0,72,48,18
"136","Australia","New South Wales","Upper Lachlan",50,712744,60939,61533,2164,28,28,164,25,42,11,67,8,15,60,15,34,4,23,13,34,12,817,1244,10378,19,33,352,1
"137","Australia","New South Wales","Uralla",50,322644,6073,3597,354,0,5,11,4,4,5,8,17,10,10,2,2,0,1,10,3,12,41,730,1730,26,5,5,4
"138","Australia","New South Wales","Urana",50,335603,292,269,396,5,1,13,6,15,3,13,15,8,11,4,9,0,0,0,0,0,0,0,0,0,1,0,0
"139","Australia","New South Wales","Wagga Wagga",50,482596,4207,5618,3674,18,10,31,17,13,129,59,17,97,45,28,319,429,579,56,44,2,22,24,457,0,6,0,0
"140","Australia","New South Wales","Wakool",50,752038,2125,1778,2579,14,6,63,29,50,12,21,20,44,26,19,10,1,1,1,18,8,0,0,0,0,26,4,2
"141","Australia","New South Wales","Walcha",50,626130,265409,259470,1855,158,135,475,246,433,231,316,418,273,382,303,261,889,375,583,1668,769,854,48017,32413,710,326,270,295
"142","Australia","New South Wales","Walgett",50,2230931,80,52,272,0,0,3,3,1,2,3,5,3,0,1,1,0,0,0,0,0,0,0,1,0,0,0,0
"143","Australia","New South Wales","Warren",50,1075381,901,358,912,33,17,36,14,12,10,17,10,9,9,1,29,0,0,0,0,0,0,12,0,0,21,0,0
"144","Australia","New South Wales","Warringah",50,14936,8981,7907,218,5,10,10,24,19,28,17,35,38,7,33,106,71,45,55,236,101,80,17,15,109,159,21,123
"145","Australia","New South Wales","Warrumbungle",50,1237105,20717,34927,3168,0,3,28,4,9,9,297,26,7,30,3,9,683,37,1,45,378,14,20,127,5,3,0,2
"146","Australia","New South Wales","Waverley",50,925,4,6,11,0,0,0,0,0,0,0,0,0,0,0,0,0,0,0,0,0,0,0,0,0,0,0,0
"147","Australia","New South Wales","Weddin",50,340854,1681,2675,886,0,1,183,20,1,133,67,8,1,5,0,1,0,0,0,4,0,0,0,242,0,0,0,0
"148","Australia","New South Wales","Wellington",50,411011,3122,5485,791,2,3,9,2,2,2,15,3,21,73,41,48,15,0,0,1,1,5,1,3,0,1,0,0
"149","Australia","New South Wales","Wentworth",50,2625707,254,331,2157,4,32,3,5,2,6,17,12,7,7,8,2,0,0,0,0,0,0,0,0,1,0,0,0
"150","Australia","New South Wales","Willoughby",50,2241,344,320,37,0,0,0,0,0,0,1,0,0,0,1,2,3,0,0,0,0,0,0,0,0,0,0,0
"151","Australia","New South Wales","Wingecarribee",50,268841,143833,133413,1579,115,151,553,171,184,196,200,130,225,275,130,165,2324,281,254,746,128,690,3144,28109,800,161,76,86
"152","Australia","New South Wales","Wollondilly",50,255585,179246,160276,1307,34,139,91,76,74,73,48,58,44,27,20,79,2990,147,454,212,144,317,4556,38341,76,164,30,78
"153","Australia","New South Wales","Wollongong",50,68394,46747,46015,353,38,88,15,17,29,25,22,7,4,15,18,530,487,26,108,76,65,126,171,52,109,41,16,18
"154","Australia","New South Wales","Woollahra",50,1229,48,50,12,0,0,1,0,0,0,0,0,0,0,0,0,0,0,0,0,0,0,0,0,0,0,0,0
"155","Australia","New South Wales","Wyong",50,74767,50766,49196,1310,40,32,60,63,85,91,50,129,153,222,68,190,593,91,69,74,202,286,137,166,76,158,43,49
"156","Australia","New South Wales","Yass Valley",50,399804,52211,46488,3700,8,11,524,25,383,433,490,126,72,119,139,453,341,173,321,736,621,503,375,12,195,98,9,122
"157","Australia","New South Wales","Young",50,269269,879,1645,430,1,2,7,2,0,3,5,7,1,3,0,1,0,0,0,0,0,0,0,1,0,0,0,0
"158","Australia","Northern Territory","Alice Springs",50,32776,7,1,16,0,0,1,0,0,1,0,0,0,0,1,0,0,0,0,0,0,0,0,0,0,0,0,0
"159","Australia","Northern Territory","Barkly",50,32279216,3,9,30086,0,0,0,0,0,0,0,0,0,0,0,0,0,0,0,0,0,0,0,0,0,0,0,0
"160","Australia","Northern Territory","Belyuen",50,4150,8,18,3,0,0,0,0,0,0,0,0,0,0,0,0,0,0,0,0,0,0,0,0,0,0,0,0
"161","Australia","Northern Territory","Central Desert",50,28131431,1,0,1528,0,0,0,0,0,0,0,0,0,0,0,0,0,0,0,0,0,0,0,0,0,0,0,0
"162","Australia","Northern Territory","Coomalie",50,150782,58,64,26,0,0,0,0,1,0,0,3,0,0,0,0,0,0,0,0,0,0,0,0,0,0,0,0
"163","Australia","Northern Territory","Darwin",50,11154,134,263,34,0,0,0,1,0,0,0,0,0,0,0,0,0,0,0,0,0,0,0,0,0,0,0,0
"164","Australia","Northern Territory","East Arnhem",50,3329333,25563,35037,2139,17,28,16,11,76,247,16,16,21,25,8,18,28,12,7,0,0,0,0,1,0,0,0,0
"165","Australia","Northern Territory","Katherine",50,741657,39,28,2833,1,1,1,1,1,0,1,1,2,3,0,1,0,0,0,0,0,0,0,0,0,0,0,0
"166","Australia","Northern Territory","Litchfield",50,290307,4144,7236,908,0,6,20,3,5,3,4,3,18,8,2,44,2,16,7,1,0,0,0,0,0,0,0,0
"167","Australia","Northern Territory","MacDonnell",50,26832563,1,0,1805,0,0,0,0,0,0,0,0,0,0,0,0,0,0,0,0,0,0,0,0,0,0,0,0
"168","Australia","Northern Territory","Palmerston",50,5266,24,228,41,0,1,0,0,0,0,0,0,3,0,0,0,0,0,0,0,0,0,0,0,0,0,0,0
"169","Australia","Northern Territory","Roper Gulf",50,18513598,1148,1274,42956,14,9,13,14,33,21,17,14,39,28,8,8,0,0,0,0,0,0,0,0,0,0,0,0
"170","Australia","Northern Territory","Tiwi Islands",50,746252,43470,64712,1561,5,9,24,184,303,388,537,419,5,13,8,36,18,31,7,2,4,0,6,1,1,5,1,1
"171","Australia","Northern Territory","Unincorporated Norther Territori",50,2033493,13028,18577,1688,10,13,16,10,11,7,14,15,11,16,5,25,89,191,19,6,2,0,0,0,0,0,1,0
"172","Australia","Northern Territory","Victoria-Daly",50,16731794,6098,11254,19081,8,8,11,5,17,9,6,12,16,18,9,26,15,21,0,0,0,0,0,0,0,0,0,0
"173","Australia","Northern Territory","Wagait",50,561,5,8,3,0,0,0,0,0,0,0,0,0,0,0,0,0,0,0,0,0,0,0,0,0,0,0,0
"174","Australia","Northern Territory","West Arnhem",50,4968367,20337,30014,2933,15,40,30,28,113,257,35,37,41,26,8,19,11,25,6,12,1,0,0,0,0,0,0,0
"175","Australia","Queensland","Aurukun",50,734721,7461,10768,50,11,5,3,5,4,4,5,5,6,7,5,5,2,8,0,7,0,0,0,1,0,0,0,0
"176","Australia","Queensland","Balonne",50,3110430,7,3,6211,0,0,0,0,0,0,0,0,0,0,0,0,0,0,0,0,0,0,0,0,0,0,0,0
"177","Australia","Queensland","Banana",50,2854633,22149,27126,6565,18,17,26,31,14,30,53,30,9,88,32,8,8,29,18,1,13,21,421,21,199,14,26,1
"178","Australia","Queensland","Barcaldine",50,5352064,12,16,15988,0,0,0,0,0,0,0,0,0,0,0,0,0,0,0,0,0,0,0,0,0,1,0,0
"179","Australia","Queensland","Barcoo",50,6182458,0,0,253,0,0,0,0,0,0,0,0,0,0,0,0,0,0,0,0,0,0,0,0,0,0,0,0
"180","Australia","Queensland","Blackall Tambo",50,3038906,34,87,6817,0,0,1,17,5,1,2,0,0,1,0,0,0,0,0,0,0,0,0,0,0,0,0,0
"181","Australia","Queensland","Boulia",50,6095578,0,0,429,0,0,0,0,0,0,0,0,0,0,0,0,0,0,0,0,0,0,0,0,0,0,0,0
"182","Australia","Queensland","Brisbane",50,133809,43592,41611,538,50,424,246,53,379,54,137,196,57,65,61,2825,164,74,100,30,59,1032,1924,320,461,51,28,2
"183","Australia","Queensland","Bulloo",50,7376092,1,1,367,0,0,0,0,0,0,0,0,0,0,0,0,0,0,0,0,0,0,0,0,0,0,0,0
"184","Australia","Queensland","Bundaberg",50,643568,101868,97132,8713,162,173,245,159,455,489,457,240,590,99,282,348,247,528,540,1086,940,1096,2507,1443,548,98,275,93
"185","Australia","Queensland","Burdekin",50,504343,8613,4934,1583,6,6,2,9,6,6,21,39,7,45,8,5,2,7,0,0,1,5,0,0,0,0,0,0
"186","Australia","Queensland","Burke",50,4003750,90,93,1795,1,1,3,3,4,2,2,8,4,3,1,3,0,0,0,0,0,0,0,0,0,0,1,0
"187","Australia","Queensland","Cairns",50,411514,311275,304417,383,19,22,18,34,46,48,80,38,44,14,43,95,46,156,21,165,25,28,39,13,17,13,13,212
"188","Australia","Queensland","Carpentaria",50,6412457,651,1610,2336,4,2,2,3,4,5,4,5,6,10,10,2,1,0,0,0,0,0,0,0,0,0,0,0
"189","Australia","Queensland","Cassowary Coast",50,468502,315188,273819,1040,102,107,315,308,646,472,931,129,307,162,11749,461,173,487,188,287,390,367,877,53,23,48,58,14
"190","Australia","Queensland","Central Highlands",50,5983490,50018,69890,21307,8,9,31,131,63,13,46,68,24,180,46,21,11,308,8,22,2,552,426,18,60,9,240,26
"191","Australia","Queensland","Charters Towers",50,6837355,60910,45060,21949,9,5,12,25,32,71,67,41,27,23,82,18,29,35,57,6,9,41,8,0,7,1,22,0
"192","Australia","Queensland","Cherbourg",50,3158,33,75,4,0,0,0,0,0,0,0,0,0,0,0,0,0,0,0,0,0,0,0,0,0,0,0,0
"193","Australia","Queensland","Cloncurry",50,4798353,12,4,2566,0,0,0,0,0,0,0,1,0,0,0,0,0,0,0,0,0,0,0,0,0,0,0,0
"194","Australia","Queensland","Cook",50,10578630,655667,512516,11726,99,402,151,261,151,496,469,704,792,409,362,758,710,5638,1741,728,60,216,1633,139,54,108,391,539
"195","Australia","Queensland","Croydon",50,2948724,13,0,8242,0,0,2,0,0,0,0,1,0,1,1,0,0,0,0,0,0,0,0,0,0,0,0,0
"196","Australia","Queensland","Diamantina",50,9466641,0,0,447,0,0,0,0,0,0,0,0,0,0,0,0,0,0,0,0,0,0,0,0,0,0,0,0
"197","Australia","Queensland","Doomadgee",50,183497,0,1,12,0,0,0,0,0,0,0,0,0,0,0,0,0,0,0,0,0,0,0,0,0,0,0,0
"198","Australia","Queensland","Etheridge",50,3920107,117,291,14731,2,2,2,3,1,3,1,2,0,4,3,0,0,1,0,0,0,0,0,0,0,0,0,0
"199","Australia","Queensland","Flinders",50,4119265,4,2,13057,0,0,0,0,0,0,0,0,0,0,0,0,0,1,0,0,0,0,0,0,0,0,0,0
"200","Australia","Queensland","Fraser Coast",50,710222,297475,300213,8166,1462,1346,1925,1455,1507,1722,1636,2324,2071,2632,1564,1610,7200,4820,4119,5743,10386,1985,7853,2939,11207,2021,1675,2112
"201","Australia","Queensland","Gladstone",50,1046577,166628,131938,4192,51,110,195,213,166,119,281,212,184,121,385,101,41,161,142,166,292,514,2172,176,506,191,1192,43
"202","Australia","Queensland","Gold Coast",50,133159,58223,53686,498,87,135,286,176,179,201,245,213,139,160,106,64,81,90,119,148,114,49,51,37,44,36,91,59
"203","Australia","Queensland","Goondiwindi",50,1925556,2703,2409,10324,1,0,6,6,1,4,23,4,8,11,11,4,0,0,0,1,3,0,7,17,1,1,21,27
"204","Australia","Queensland","Gympie",50,688465,252138,232414,6581,1572,1862,2100,2524,2450,2051,2313,2037,1788,1772,1721,1480,2537,1750,1136,3394,4502,4094,5956,2965,2821,1921,1093,1094
"205","Australia","Queensland","Hinchinbrook",50,280131,108523,77823,172,13,8,12,14,127,353,304,61,86,27,2810,296,62,247,4,149,96,223,414,19,26,40,55,4
"206","Australia","Queensland","Hope Vale",50,110474,30216,25910,203,9,120,40,6,5,11,8,1,70,1,25,19,68,1398,304,108,504,18,46,3,29,7,7,4
"207","Australia","Queensland","Ipswich",50,108847,7136,9134,410,7,10,53,26,55,37,136,120,49,61,41,18,8,10,16,23,39,33,29,7,18,35,2,2
"208","Australia","Queensland","Isaac",50,5871996,92971,76972,20445,28,17,18,76,29,47,36,51,21,52,30,35,32,125,8,27,117,467,118,7,4,32,5,7
"209","Australia","Queensland","Kowanyama",50,254286,941,1650,50,0,0,0,1,2,2,1,2,3,3,1,0,0,1,0,0,0,1,0,0,0,0,0,0
"210","Australia","Queensland","Lockhart River",50,357808,175191,139014,316,9,16,25,92,373,285,83,52,90,244,70,60,55,113,43,3,2,79,3614,1278,38,3,99,129
"211","Australia","Queensland","Lockyer Valley",50,226875,43052,33348,599,85,29,90,66,23,34,38,77,135,48,74,20,13,28,64,368,48,35,3947,21,54,5,0,5
"212","Australia","Queensland","Logan",50,95805,14328,20793,296,133,204,128,59,69,87,66,102,112,37,32,31,28,30,82,73,35,25,36,17,39,15,22,24
"213","Australia","Queensland","Longreach",50,4057162,0,0,166,0,0,0,0,0,0,0,0,0,0,0,0,0,0,0,0,0,0,0,0,0,0,0,0
"214","Australia","Queensland","Mackay",50,760125,200993,157305,618,57,63,89,154,95,176,125,184,117,210,489,75,180,165,20,117,72,1134,642,19,18,65,74,27
"215","Australia","Queensland","Mapoon",50,54797,5292,6211,20,0,5,1,1,2,1,1,1,2,2,2,1,3,23,0,1,9,0,0,0,1,0,0,0
"216","Australia","Queensland","Maranoa",50,5871116,5057,11165,22930,2,3,4,6,5,4,7,5,8,19,3,0,1,11,3,4,0,0,2,1,24,9,51,0
"217","Australia","Queensland","McKinlay",50,4073337,2,1,1041,0,0,0,0,0,0,0,0,0,0,0,0,0,0,0,0,0,0,0,0,0,0,0,0
"218","Australia","Queensland","Moreton Bay",50,203327,80659,74523,4523,1115,600,645,729,542,432,433,678,315,249,505,365,144,292,473,415,543,179,668,313,662,537,203,100
"219","Australia","Queensland","Mornington",50,124419,50,232,43,0,0,0,0,1,0,0,1,2,0,0,0,0,0,0,0,0,0,0,0,0,0,0,0
"220","Australia","Queensland","Mount Isa",50,4318781,54,4,4044,0,0,2,2,3,2,1,4,2,3,3,1,0,0,0,0,0,0,0,0,0,0,5,0
"221","Australia","Queensland","Murweh",50,4069857,1974,3457,16617,0,0,6,1,0,26,2,0,23,5,0,2,0,17,1,0,0,3,18,5,20,0,66,2
"222","Australia","Queensland","Napranum",50,199743,9766,12054,13,4,5,1,2,2,2,2,4,2,4,4,5,2,8,1,16,2,0,4,1,0,0,0,0
"223","Australia","Queensland","North Burnett",50,1966674,87165,85640,7463,71,90,117,159,138,216,88,163,55,131,84,112,75,166,77,239,501,190,218,64,581,185,56,8
"224","Australia","Queensland","Northern Peninsula Area",50,105688,18154,16350,189,5,9,2,3,8,4,7,6,9,12,7,7,7,10,4,43,0,7,0,2,0,0,0,3
"225","Australia","Queensland","Palm Island",50,7064,4179,2888,6,1,0,1,1,2,1,1,0,2,1,23,1,0,0,0,0,0,0,1,0,0,1,0,0
"226","Australia","Queensland","Paroo",50,4761535,2,0,2074,0,0,0,0,0,0,0,0,0,0,0,0,0,0,0,0,0,0,0,0,0,0,0,0
"227","Australia","Queensland","Pormpuraaw",50,442889,288,506,37,0,0,0,0,1,0,0,0,0,1,0,0,0,0,0,0,0,0,0,0,0,0,0,0
"228","Australia","Queensland","Quilpie",50,6742313,1,0,961,0,0,0,0,0,0,0,0,0,0,0,0,0,0,0,0,0,0,0,0,0,0,0,0
"229","Australia","Queensland","Redland",50,53629,28034,26162,762,129,341,366,106,219,110,102,152,106,133,174,135,313,2357,44,25,32,20,295,122,145,54,29,16
"230","Australia","Queensland","Richmond",50,2658043,1,0,2388,0,0,0,0,0,0,0,0,0,0,0,0,0,0,0,0,0,0,0,0,0,0,0,0
"231","Australia","Queensland","Rockhampton",50,1831182,148740,135411,6128,444,299,633,894,757,367,913,457,526,946,202,266,241,576,4710,891,3689,249,3750,433,836,1581,39,13
"232","Australia","Queensland","Scenic Rim",50,424810,98075,90258,991,22,30,37,133,36,59,63,51,54,31,31,39,152,73,102,48,229,99,4717,1050,50,35,5,22
"233","Australia","Queensland","Somerset",50,537329,146328,130643,1226,228,148,556,405,193,264,271,422,222,255,157,59,61,534,450,747,755,255,7635,1217,587,407,309,238
"234","Australia","Queensland","South Burnett",50,838168,33069,30179,8734,66,73,88,98,83,80,99,80,208,184,167,86,66,139,359,64,214,261,210,337,301,104,147,132
"235","Australia","Queensland","Southern Downs",50,711182,75046,59535,3555,91,49,317,246,110,242,187,170,115,206,46,134,63,100,207,79,121,52,9472,545,632,73,98,86
"236","Australia","Queensland","Sunshine Coast",50,312066,170073,164376,5866,1175,1007,1517,895,1022,1093,813,982,544,714,368,499,1316,821,1088,1329,1438,696,5249,578,744,494,775,699
"237","Australia","Queensland","Tablelands",50,6479402,310777,287318,12361,88,123,161,257,164,364,355,173,233,67,1362,239,350,656,202,405,325,661,236,149,172,120,131,99
"238","Australia","Queensland","Toowoomba",50,1295764,37717,31312,4248,155,120,216,247,201,308,256,257,217,216,67,48,48,121,238,324,224,167,3138,317,467,414,89,80
"239","Australia","Queensland","Torres Strait Islands",50,138443,62152,55605,164,3,9,5,5,20,3,33,5,10,10,5,12,9,77,21,30,8,5,8,15,7,2,0,0
"240","Australia","Queensland","Townsville",50,372737,57500,36844,471,16,6,17,47,15,29,28,44,26,86,97,19,2,15,43,10,7,20,55,0,0,0,0,0
"241","Australia","Queensland","Weipa",50,1083,13,6,4,0,0,0,0,0,0,0,1,0,0,0,0,0,0,0,0,0,0,0,0,0,0,0,0
"242","Australia","Queensland","Western Downs",50,3793859,10414,8630,15197,3,5,18,14,13,5,61,12,14,62,9,6,1,1,12,11,6,37,19,1,7,4,3,0
"243","Australia","Queensland","Whitsunday",50,2380424,107775,95106,9683,9,25,10,43,29,27,72,62,25,40,44,27,44,76,5,10,2823,189,646,2,32,14,1,4
"244","Australia","Queensland","Winton",50,5381464,0,0,395,0,0,0,0,0,0,0,0,0,0,0,0,0,0,0,0,0,0,0,0,0,0,0,0
"245","Australia","Queensland","Woorabinda",50,39031,7,198,201,0,0,0,0,0,0,0,0,0,0,0,0,0,0,0,0,0,0,0,0,0,0,0,0
"246","Australia","Queensland","Wujal Wujal",50,1118,541,407,0,0,0,0,0,0,0,0,0,0,0,0,0,0,12,0,2,0,0,0,0,0,0,0,0
"247","Australia","Queensland","Yarrabah",50,15885,14653,14265,19,0,1,0,0,0,0,1,0,4,3,2,4,38,112,2,1,3,4,3,2,0,1,0,1
"248","Australia","South Australia","Adelaide",50,1557,27,43,4,0,1,0,1,2,1,0,3,1,0,1,1,0,0,0,0,0,0,0,0,0,0,0,0
"249","Australia","South Australia","Adelaide Hills",50,79446,17708,18590,523,74,48,38,254,60,13,12,34,28,13,77,18,42,33,557,251,34,4,69,694,860,271,18,46
"250","Australia","South Australia","Alexandrina",50,182724,4352,5547,590,27,11,21,69,40,29,22,20,49,14,95,15,27,11,1,28,10,40,63,56,90,132,27,46
"251","Australia","South Australia","Anangu Pitjantjatjara",50,10226687,0,0,180,0,0,0,0,0,0,0,0,0,0,0,0,0,0,0,0,0,0,0,0,0,0,0,0
"252","Australia","South Australia","Barossa",50,89356,5448,4091,870,88,72,138,682,356,63,47,120,142,2,103,50,166,242,106,231,101,104,154,122,65,102,58,92
"253","Australia","South Australia","Barunga West",50,159019,9,5,5,0,0,0,0,0,0,0,0,0,0,0,0,0,0,0,0,0,0,0,0,0,0,0,0
"254","Australia","South Australia","Berri and Barmera",50,51679,184,61,86,2,4,4,7,4,1,9,5,5,1,6,1,0,0,0,0,0,0,0,0,0,1,0,0
"255","Australia","South Australia","Burnside",50,2753,189,251,6,1,0,0,5,6,0,0,4,2,0,4,0,0,0,0,1,0,0,0,0,0,2,0,0
"256","Australia","South Australia","Campbelltown",50,2433,45,61,2,1,0,0,2,0,0,0,5,0,0,0,0,1,0,0,0,0,0,0,0,0,0,0,0
"257","Australia","South Australia","Ceduna",50,542044,23,32,12,0,0,0,0,0,0,0,0,0,0,0,0,0,0,0,0,0,0,0,0,0,0,0,0
"258","Australia","South Australia","Charles Sturt",50,5480,13,4,0,0,0,0,0,1,0,0,0,0,0,1,0,0,0,0,0,0,0,0,0,0,0,0,0
"259","Australia","South Australia","Clare and Gilbert Valleys",50,189245,163,260,242,1,0,1,1,4,2,4,3,1,2,1,1,0,0,0,0,0,0,0,0,0,0,0,0
"260","Australia","South Australia","Cleve",50,450581,10,7,321,0,0,0,0,0,1,0,1,1,0,0,0,0,0,0,0,0,0,0,0,0,0,0,0
"261","Australia","South Australia","Coober Pedy",50,7769,0,0,0,0,0,0,0,0,0,0,0,0,0,0,0,0,0,0,0,0,0,0,0,0,0,0,0
"262","Australia","South Australia","Copper Coast",50,77298,4,4,3,0,0,0,0,0,0,0,0,0,0,0,0,0,0,0,0,0,0,0,0,0,0,0,0
"263","Australia","South Australia","Elliston",50,673875,34,20,443,0,0,2,0,0,0,0,0,0,0,0,0,0,0,0,0,0,0,0,0,0,0,0,0
"264","Australia","South Australia","Flinders Ranges",50,412632,32,34,28,0,0,1,1,0,0,0,1,0,2,0,0,0,0,0,0,0,0,0,0,0,0,0,0
"265","Australia","South Australia","Franklin Harbour",50,326874,279,221,138,0,0,0,0,0,0,0,0,0,1,0,0,0,0,0,0,0,0,0,0,0,0,0,0
"266","Australia","South Australia","Gawler",50,4109,1,9,8,0,0,0,0,0,0,0,0,0,0,0,0,0,0,0,0,0,0,0,0,0,0,0,0
"267","Australia","South Australia","Goyder",50,671578,34,65,99,0,0,1,0,0,0,0,0,0,0,0,0,0,0,0,0,0,0,0,0,0,0,0,0
"268","Australia","South Australia","Grant",50,189810,43451,40818,8005,1237,2003,1887,1350,1858,1849,1751,575,2260,1300,1742,1259,1605,2641,1518,1998,2579,868,640,722,631,723,582,653
"269","Australia","South Australia","Holdfast Bay",50,1376,2,2,0,0,0,0,0,0,0,0,0,0,0,0,0,0,0,0,0,0,0,0,0,0,0,0,0
"270","Australia","South Australia","Kangaroo Island",50,440079,138224,114738,28047,800,558,345,72,227,3472,9367,24457,370,73,134,403,174,609,246,244,323,26,1081,54046,518,320,116,1062
"271","Australia","South Australia","Karoonda East Murray",50,441540,3,1,592,0,0,0,0,0,0,0,0,0,0,0,0,0,0,0,0,0,0,0,0,0,0,0,0
"272","Australia","South Australia","Kimba",50,398385,3,3,37,0,0,0,0,0,0,0,0,0,0,0,0,0,0,0,0,0,0,0,0,0,0,0,0
"273","Australia","South Australia","Kingston",50,333990,9656,11365,983,204,178,101,28,118,164,582,144,141,185,113,56,36,23,440,1033,505,504,266,205,12,8,4,119
"274","Australia","South Australia","Light",50,127682,22,47,69,0,0,0,0,1,0,1,0,1,0,1,0,0,0,0,0,0,0,0,0,0,0,0,0
"275","Australia","South Australia","Lower Eyre Peninsula",50,472165,23808,26350,2925,1400,7,7,143,458,8,1,224,208,97,4,248,265,46,54,692,2,837,25,52,71,83,61,1593
"276","Australia","South Australia","Loxton Waikerie",50,799970,565,243,1003,4,13,16,12,10,8,21,40,9,10,29,19,1,21,38,47,5,35,12,2,0,8,1,7
"277","Australia","South Australia","Mallala",50,93223,754,193,6,0,0,0,0,1,0,0,2,1,0,0,1,0,0,0,0,0,0,0,0,0,0,0,0
"278","Australia","South Australia","Maralinga Tjarutja",50,10279612,0,0,10,0,0,0,0,0,0,0,0,0,0,0,0,0,0,0,0,0,0,0,0,0,0,0,0
"279","Australia","South Australia","Marion",50,5562,6,10,2,0,0,0,1,0,0,0,0,0,0,0,0,0,0,0,0,0,0,0,0,0,0,0,0
"280","Australia","South Australia","Mid Murray",50,627164,403,162,194,2,2,4,3,5,4,11,7,4,1,7,9,1,1,0,0,0,0,0,0,0,0,0,15
"281","Australia","South Australia","Mitcham",50,7556,1241,1595,7,3,2,0,21,13,2,0,17,5,0,9,0,1,3,0,2,0,0,0,1,0,18,0,0
"282","Australia","South Australia","Mount Barker",50,59466,2821,3192,576,17,19,11,312,33,12,113,58,31,8,30,3,21,52,9,37,17,14,7,1,250,5,2,0
"283","Australia","South Australia","Mount Gambier",50,3389,194,152,16,2,3,12,0,4,1,2,1,6,3,1,2,0,1,1,0,1,0,0,0,0,12,1,1
"284","Australia","South Australia","Mount Remarkable",50,342279,5067,4480,151,16,48,115,8,82,19,15,44,8,12,5,90,2,56,24,78,10,0,0,16,73,2,12,0
"285","Australia","South Australia","Murray Bridge",50,183192,288,67,95,2,1,2,3,7,4,4,3,7,0,2,3,0,0,0,0,0,0,0,0,0,0,0,0
"286","Australia","South Australia","Naracoorte and Lucindale",50,452033,9183,29599,11033,201,384,448,373,271,198,182,157,247,118,101,44,25,77,46,341,76,13,50,73,30,21,7,48
"287","Australia","South Australia","Northern Areas",50,298612,920,415,170,32,2,23,93,69,22,22,49,82,179,17,1,44,8,3,32,0,1,1,3,24,10,0,3
"288","Australia","South Australia","Norwood Payneham St Peters",50,1511,7,11,1,0,0,0,0,0,0,0,0,0,0,1,0,0,0,0,0,0,0,0,0,0,0,0,0
"289","Australia","South Australia","Onkaparinga",50,51811,2350,3420,747,31,12,11,249,40,34,29,24,14,2,8,3,2,33,0,5,14,6,9,6,41,3,0,1
"290","Australia","South Australia","Orroroo/Carrieton",50,332165,0,0,23,0,0,0,0,0,0,0,0,0,0,0,0,0,0,0,0,0,0,0,0,0,0,0,0
"291","Australia","South Australia","Peterborough",50,302014,2,0,10,0,0,0,0,0,0,0,1,0,0,0,0,0,0,0,0,0,0,0,0,0,0,0,0
"292","Australia","South Australia","Playford",50,34490,715,647,51,0,0,2,3,5,8,0,5,2,2,7,1,1,0,109,1,0,0,0,0,0,0,0,0
"293","Australia","South Australia","Port Adelaide Enfield",50,9172,63,37,1,0,0,0,0,1,0,0,0,0,0,1,0,0,0,0,0,0,0,0,0,0,0,0,0
"294","Australia","South Australia","Port Augusta",50,115215,1,1,4,0,0,0,0,0,0,0,0,0,0,0,0,0,0,0,0,0,0,0,0,0,0,0,0
"295","Australia","South Australia","Port Lincoln",50,3036,145,27,14,0,1,1,22,2,2,0,16,54,10,0,0,0,0,1,0,0,0,0,0,0,0,0,0
"296","Australia","South Australia","Port Pirie City and Dists",50,176071,971,754,15,0,0,0,0,0,0,0,0,0,1,0,0,0,33,0,0,0,0,0,0,0,0,0,0
"297","Australia","South Australia","Prospect",50,780,1,0,0,0,0,0,0,0,0,0,0,0,0,0,0,0,0,0,0,0,0,0,0,0,0,0,0
"298","Australia","South Australia","Renmark Paringa",50,91553,512,222,1292,7,19,10,64,10,32,49,21,27,17,15,20,0,1,0,0,0,0,1,1,1,2,1,4
"299","Australia","South Australia","Robe",50,109172,7033,8591,568,23,59,30,54,87,26,176,182,125,6,11,12,115,9,2,30,84,112,4,7,35,11,1,11
"300","Australia","South Australia","Roxby Downs",50,10988,0,0,2,0,0,0,0,0,0,0,0,0,0,0,0,0,0,0,0,0,0,0,0,0,0,0,0
"301","Australia","South Australia","Salisbury",50,15807,1078,225,5,1,1,1,0,3,1,1,6,1,0,1,1,0,0,0,0,0,0,0,5,0,2,0,0
"302","Australia","South Australia","Southern Mallee",50,570236,227,0,599,76,22,4,36,5,72,10,0,0,0,0,2,0,0,0,0,0,0,0,0,0,0,0,0
"303","Australia","South Australia","Streaky Bay",50,624713,31,17,39,0,0,0,0,0,0,0,0,0,0,0,0,0,0,0,0,0,0,0,0,0,0,0,0
"304","Australia","South Australia","Tatiara",50,652734,1435,1778,2094,13,10,2,55,30,102,800,7,3,9,3,3,1,5,5,6,13,24,17,8,5,4,6,21
"305","Australia","South Australia","Tea Tree Gully",50,9521,315,461,7,2,1,0,3,4,0,1,4,1,0,2,0,0,0,0,1,0,0,0,2,0,0,2,0
"306","Australia","South Australia","The Coorong",50,883220,6664,1233,896,250,1263,11,144,1165,847,780,42,23,51,63,18,5,1,0,3,26,8,2,62,27,1,0,0
"307","Australia","South Australia","Tumby Bay",50,266875,370,760,647,0,2,2,12,55,1,0,1,3,1,0,5,0,0,0,0,0,0,0,0,0,0,0,0
"308","Australia","South Australia","Unincorporated South Australia",50,62353278,870,528,1741,4,2,4,6,3,3,9,5,1,5,3,9,0,0,0,0,0,0,0,0,5,0,0,0
"309","Australia","South Australia","Unley",50,1426,8,2,0,0,0,0,1,0,0,0,0,0,0,1,0,0,0,0,0,0,0,0,0,0,0,0,0
"310","Australia","South Australia","Victor Harbor",50,38462,2768,3762,245,7,3,4,7,28,12,5,8,9,2,26,77,6,4,0,1,0,2,0,104,37,2,8,0
"311","Australia","South Australia","Wakefield",50,346903,27,3,17,0,0,0,0,0,0,0,0,0,0,0,0,0,0,0,0,0,0,0,0,0,0,0,0
"312","Australia","South Australia","Walkerville",50,353,6,1,0,0,0,0,1,0,0,0,0,0,0,0,0,0,0,0,0,0,0,0,0,0,0,0,0
"313","Australia","South Australia","Wattle Range",50,392637,70420,82333,21233,967,1734,2091,1001,1454,1268,2072,1003,1045,1071,2789,1122,1399,1445,2009,3778,4990,2461,2079,2264,1970,2124,1590,1102
"314","Australia","South Australia","West Torrens",50,3704,7,8,0,0,0,0,0,0,0,0,0,0,0,0,0,0,0,0,0,0,0,0,0,0,0,0,0
"315","Australia","South Australia","Whyalla",50,103234,4,2,0,0,0,0,0,0,0,0,0,0,0,0,0,0,0,0,0,0,0,0,0,0,0,0,0
"316","Australia","South Australia","Wudinna",50,539392,0,0,122,0,0,0,0,0,0,0,0,0,0,0,0,0,0,0,0,0,0,0,0,0,0,0,0
"317","Australia","South Australia","Yankalilla",50,75126,10799,12072,904,43,47,36,132,80,41,22,127,197,36,124,145,29,103,66,417,253,171,206,173,234,173,150,102
"318","Australia","South Australia","Yorke Peninsula",50,589971,2096,964,753,5,53,50,4,1,52,57,184,7,5,1,7,15,29,0,0,3,0,0,1,1,11,0,0
"319","Australia","Tasmania","Break O'Day",50,352588,284158,266778,8829,2584,2290,3706,2793,1936,2051,3849,2270,2641,1681,917,669,1336,525,964,2038,3397,3060,1603,10407,1520,707,543,1310
"320","Australia","Tasmania","Brighton",50,17127,3487,3025,86,3,0,63,2,1,3,0,2,3,1,1,1,5,1,2,26,1,1,15,2,0,1,6,20
"321","Australia","Tasmania","Burnie",50,61097,40567,40119,1609,1006,1255,710,1882,978,1229,1930,1516,1579,989,298,443,338,429,204,391,563,992,517,196,161,324,141,137
"322","Australia","Tasmania","Central Coast",50,93311,57050,59273,2919,939,462,325,529,342,377,469,267,560,259,197,149,148,222,267,632,1181,803,513,286,408,714,268,329
"323","Australia","Tasmania","Central Highlands",50,798240,516437,435246,12335,1451,1457,2261,2898,1604,2580,3251,2190,2580,2900,984,1723,5404,1426,894,2752,1484,1160,50873,2376,1858,1466,1164,4375
"324","Australia","Tasmania","Circular Head",50,489720,379582,376728,28290,1667,2829,2349,6263,3200,3206,3450,5275,5504,1466,1522,1049,3908,11281,2263,48170,10232,9579,3670,6721,8557,1526,1825,2211
"325","Australia","Tasmania","Clarence",50,37803,9254,6425,183,14,65,79,19,3,33,12,10,81,13,47,72,147,8,9,69,43,6,20,5,37,16,16,12
"326","Australia","Tasmania","Derwent Valley",50,410805,326505,307669,6095,939,943,2078,973,875,1037,3218,1618,781,1958,1115,808,1694,1611,658,4312,742,1970,25490,2949,1631,732,2774,1430
"327","Australia","Tasmania","Devonport",50,11126,3084,2843,62,23,4,13,27,8,35,14,32,24,22,3,18,18,21,11,18,132,32,10,3,3,9,24,9
"328","Australia","Tasmania","Dorset",50,322760,196570,190855,10689,2127,1837,2961,3226,3137,3563,2424,2460,1849,1283,945,911,2332,1545,1604,3632,1750,1568,1426,1334,1069,1777,1081,1902
"329","Australia","Tasmania","Flinders",50,199682,98731,82604,4440,23,24,2054,160,159,1710,162,401,204,187,159,124,559,5086,747,1002,64,459,29,1902,159,85,996,497
"330","Australia","Tasmania","George Town",50,65340,38290,36794,3383,160,128,676,323,555,686,895,753,186,96,133,251,423,175,663,307,280,390,582,429,243,318,118,238
"331","Australia","Tasmania","Glamorgan/Spring Bay",50,259159,172582,152322,2576,311,317,476,325,377,554,593,400,104,121,59,75,1615,164,131,224,84,475,1800,1190,454,269,690,483
"332","Australia","Tasmania","Glenorchy",50,12113,7122,6615,67,23,7,7,7,4,4,3,16,2,4,1,5,10,3,3,11,50,27,11,6,1,5,10,20
"333","Australia","Tasmania","Hobart",50,7792,4712,4175,32,17,1,3,2,2,2,1,3,1,1,2,1,2,2,5,65,5,10,17,14,26,3,8,2
"334","Australia","Tasmania","Huon Valley",50,550805,503829,486125,8065,1775,1738,1894,2283,1497,1838,2048,1518,1413,1530,837,748,7721,3054,506,1129,737,2352,32074,1157,1215,2482,2027,1844
"335","Australia","Tasmania","Kentish",50,115600,82953,83149,4491,463,377,546,702,621,830,1147,744,512,774,224,208,249,874,370,899,1920,637,750,661,456,472,178,249
"336","Australia","Tasmania","King Island",50,109580,34985,30330,1225,962,260,162,228,261,358,3207,1058,155,303,216,150,51,180,83,340,170,266,60,308,242,47,24,76
"337","Australia","Tasmania","Kingborough",50,72010,52733,50244,766,118,58,113,89,95,77,353,62,125,39,42,51,54,84,39,99,350,96,81,97,173,117,51,58
"338","Australia","Tasmania","Latrobe",50,60044,35694,32137,722,543,578,790,718,847,1027,818,227,752,264,285,246,426,182,143,283,726,206,93,89,77,209,118,210
"339","Australia","Tasmania","Launceston",50,141360,94857,90011,3392,1295,1624,1755,2153,1650,2349,2383,1850,1571,792,366,397,637,798,740,1627,603,722,533,415,427,1290,442,646
"340","Australia","Tasmania","Meander Valley",50,333038,217434,208361,8358,704,723,1474,1544,1160,1368,1662,946,1020,753,268,246,783,1005,567,16827,2854,781,930,644,503,862,401,419
"341","Australia","Tasmania","Northern Midlands",50,513648,199169,169928,4183,759,504,1812,850,848,982,1435,1412,1006,685,185,126,179,140,401,487,233,279,520,1108,1046,882,698,998
"342","Australia","Tasmania","Sorell",50,58372,27781,25215,1244,89,93,249,289,111,161,190,72,202,34,25,37,1662,39,7,370,655,290,220,54,138,37,95,63
"343","Australia","Tasmania","Southern Midlands",50,261545,88366,75645,4623,288,287,540,311,479,484,761,725,207,94,114,62,169,91,110,403,378,259,501,592,482,165,395,427
"344","Australia","Tasmania","Tasman",50,66044,53007,51192,1291,273,270,270,495,377,473,270,187,140,157,95,40,1543,98,74,447,251,380,154,328,171,30,26,52
"345","Australia","Tasmania","Waratah/Wynyard",50,353105,305785,303859,5437,1452,2368,1282,2945,1569,1835,3314,2502,2708,2098,1056,571,489,2179,1881,1527,2037,2966,2002,972,1965,960,673,619
"346","Australia","Tasmania","West Coast",50,958989,910628,879697,24429,540,501,164,203,241,266,6026,479,401,690,384,472,7711,11281,2282,4358,1076,8428,46718,6266,5257,2452,8491,4708
"347","Australia","Tasmania","West Tamar",50,69113,36714,34783,1558,247,323,586,589,550,678,651,545,516,422,58,87,305,273,328,318,337,167,246,163,160,174,116,156
"348","Australia","Victoria","Alpine",50,478804,396840,342932,2041,253,244,13791,502,1096,617,4488,900,5728,849,827,1018,4416,782,854,1249,656,642,9141,77896,726,573,298,213
"349","Australia","Victoria","Ararat",50,421128,42884,37026,3888,461,39,57,60,243,3286,127,31,447,14,18,133,46,226,85,21,49,12,121,262,201,4,13,3407
"350","Australia","Victoria","Ballarat",50,73908,8019,7838,951,133,24,131,134,87,99,69,57,59,170,221,80,114,98,16,1652,54,14,72,36,0,18,5,10
"351","Australia","Victoria","Banyule",50,6255,176,261,71,0,0,2,0,1,0,2,0,1,1,0,0,0,0,0,0,0,0,1,0,0,0,0,0
"352","Australia","Victoria","Bass Coast",50,86480,6359,7051,723,4,3,17,18,8,10,38,3,19,12,3,18,23,51,7,13,13,13,253,14,18,7,6,4
"353","Australia","Victoria","Baw Baw",50,403115,253008,257981,3142,1195,1064,1435,1190,963,669,1681,678,6071,898,710,1343,3837,1671,988,1808,1259,795,6407,674,1007,392,155,292
"354","Australia","Victoria","Bayside",50,3725,14,14,7,0,0,1,0,0,0,1,1,0,0,0,0,0,0,0,0,1,0,0,0,0,0,0,0
"355","Australia","Victoria","Benalla",50,235272,47739,44917,2060,436,221,812,369,645,480,1016,683,506,495,371,434,231,242,444,726,366,239,182,119,181,137,30,24
"356","Australia","Victoria","Boroondara",50,6017,110,129,41,0,0,1,0,0,0,1,0,0,1,0,0,0,0,0,0,0,0,0,0,0,0,0,0
"357","Australia","Victoria","Brimbank",50,12341,12,45,41,0,0,0,0,0,0,0,0,0,0,0,0,0,0,0,0,0,0,0,0,0,0,0,0
"358","Australia","Victoria","Buloke",50,800054,24,5,243,2,1,2,2,0,0,1,1,1,1,0,2,0,0,0,0,0,0,0,0,0,0,0,0
"359","Australia","Victoria","Campaspe",50,451869,1577,1592,4631,21,11,38,18,27,12,28,25,28,21,17,7,7,2,0,3,3,0,0,0,1,5,0,1
"360","Australia","Victoria","Cardinia",50,128173,34421,36349,703,17,12,84,55,14,5,44,23,411,14,4,24,62,28,3,411,62,10,8341,23,6,15,12,9
"361","Australia","Victoria","Casey",50,40943,2368,2983,196,3,5,12,7,9,2,11,1,9,4,2,2,5,4,0,6,2,1,7,1,5,3,3,2
"362","Australia","Victoria","Central Goldfields",50,153278,137,630,1882,2,1,4,2,0,3,2,3,1,4,1,7,4,1,0,0,0,0,0,0,0,0,0,0
"363","Australia","Victoria","Colac-Otway",50,343755,155008,155322,2760,514,486,1306,625,734,817,1391,1082,220,693,1262,926,1839,753,608,3941,1011,611,1218,1108,565,1360,272,942
"364","Australia","Victoria","Corangamite",50,440745,24377,31602,5319,26,99,116,37,20,118,155,111,132,51,81,202,50,75,55,905,186,89,32,33,7,267,1,11
"365","Australia","Victoria","Darebin",50,5347,27,49,50,0,0,1,3,0,0,0,0,0,0,0,0,0,0,0,0,0,0,0,0,0,0,0,0
"366","Australia","Victoria","East Gippsland",50,2094221,1613401,1561833,11396,3658,3479,9888,2777,3377,3771,7222,3874,2929,4371,2621,3377,2662,31591,3476,2834,7755,7218,40836,398827,2711,808,1037,592
"367","Australia","Victoria","Frankston",50,12960,1092,1146,176,5,3,15,4,15,6,11,6,11,48,6,2,6,6,0,46,13,5,4,3,1,3,2,1
"368","Australia","Victoria","Gannawarra",50,373509,1793,1519,941,10,16,73,52,22,5,15,22,15,16,13,15,2,1,0,0,3,0,4,0,0,2,0,0
"369","Australia","Victoria","Glen Eira",50,3869,6,5,8,0,0,1,0,0,0,0,0,0,0,0,0,0,0,0,0,0,0,0,0,0,0,0,0
"370","Australia","Victoria","Glenelg",50,621836,211887,258050,56206,2405,3352,5383,1248,2583,1900,5134,1176,4207,1319,5270,2743,2795,2556,1488,12952,9827,2271,1664,2035,2281,2369,1539,2408
"371","Australia","Victoria","Golden Plains",50,270342,28581,30217,4705,17,95,68,57,155,858,185,286,236,241,262,285,303,391,148,12268,172,48,134,151,35,66,20,159
"372","Australia","Victoria","Greater Bendigo",50,300019,468,4882,10070,1,3,7,1,2,4,4,1,7,2,4,2,0,0,0,0,0,0,0,0,1,0,0,0
"373","Australia","Victoria","Greater Dandenong",50,12961,70,91,56,0,0,1,0,0,2,6,3,1,1,3,0,0,0,0,0,0,0,0,0,0,0,0,0
"374","Australia","Victoria","Greater Geelong",50,124796,1626,2889,610,3,3,10,5,5,9,29,4,4,7,1,1,2,1,0,3,4,2,4,0,10,1,0,0
"375","Australia","Victoria","Greater Shepparton",50,242178,2627,3822,2442,30,10,60,19,44,46,73,7,31,25,29,21,12,15,7,31,16,1,13,0,7,11,1,1
"376","Australia","Victoria","Hepburn",50,147301,38757,43345,1958,120,134,151,63,106,87,319,173,265,342,242,373,168,142,280,885,64,42,103,143,3215,281,19,11
"377","Australia","Victoria","Hindmarsh",50,752399,303,53,923,9,126,3,3,13,1,109,2,5,6,3,5,0,0,2,0,0,0,0,0,0,0,0,0
"378","Australia","Victoria","Hobsons Bay",50,6427,20,12,3,0,0,5,0,0,0,0,0,1,0,0,0,0,0,0,0,0,0,0,0,0,0,0,0
"379","Australia","Victoria","Horsham",50,426710,3705,3126,2901,27,40,11,11,483,56,108,96,115,4,11,10,1,247,585,20,0,0,0,4,0,2,0,0
"380","Australia","Victoria","Hume",50,50384,63,180,610,0,0,1,0,2,1,1,1,0,0,0,4,0,0,0,0,0,0,0,1,0,0,2,0
"381","Australia","Victoria","Indigo",50,204009,35803,33434,1528,182,266,1251,225,319,252,198,72,967,154,9,69,85,87,126,807,31,66,126,67,117,37,31,35
"382","Australia","Victoria","Kingston",50,9135,66,96,21,0,0,3,2,0,1,2,0,2,1,0,0,0,0,0,0,0,0,0,0,0,0,0,0
"383","Australia","Victoria","Knox",50,11383,1198,1172,212,0,4,9,2,16,6,14,1,3,5,2,0,1,0,0,25,1,1,1,0,0,3,0,0
"384","Australia","Victoria","Latrobe",50,142575,58153,52514,3828,722,1249,1323,990,716,538,1248,500,7993,873,393,531,1182,1746,728,1201,676,512,1144,492,1019,384,201,338
"385","Australia","Victoria","Loddon",50,669668,269,961,3120,4,1,13,6,2,8,4,1,4,3,2,1,0,1,1,1,2,0,0,0,0,0,0,0
"386","Australia","Victoria","Macedon Ranges",50,174821,35494,37457,2806,57,19,53,14,20,22,58,10,7,53,19,24,25,115,156,1570,308,245,196,294,2275,58,23,2
"387","Australia","Victoria","Manningham",50,11334,1952,2245,263,3,1,7,1,7,2,8,2,1,4,1,0,3,0,0,10,4,1,0,0,0,0,0,0
"388","Australia","Victoria","Mansfield",50,384401,247306,232763,812,199,545,391,323,342,648,6288,441,375,326,139,187,333,247,223,505,244,124,1288,2569,202,165,24,150
"389","Australia","Victoria","Maribyrnong",50,3121,5,5,3,0,0,0,0,0,0,0,0,0,0,0,0,0,0,0,0,0,0,0,0,0,0,0,0
"390","Australia","Victoria","Maroondah",50,6139,312,317,147,0,2,7,3,13,1,8,1,6,4,1,0,1,1,0,0,0,0,0,0,0,0,0,0
"391","Australia","Victoria","Melbourne",50,3735,96,60,10,0,0,2,0,2,0,2,1,2,1,0,0,0,0,0,0,0,0,0,0,0,0,0,0
"392","Australia","Victoria","Melton",50,52760,708,564,205,11,1,1,0,0,0,1,0,1,0,0,0,0,0,0,0,0,0,0,0,0,0,0,0
"393","Australia","Victoria","Mildura",50,2208209,833,402,4450,7,160,19,22,10,21,146,76,16,13,30,6,24,22,16,11,0,5,3,3,7,0,6,11
"394","Australia","Victoria","Mitchell",50,286241,41451,35374,8114,34,27,187,145,305,54,436,151,4113,252,161,82,88,89,151,995,210,121,69,167,55,67,11,33
"395","Australia","Victoria","Moira",50,404648,8365,9425,1951,96,11,66,43,188,125,201,39,18,14,23,15,5,3,0,43,8,0,2,3,1,4,1,0
"396","Australia","Victoria","Monash",50,8152,124,185,110,0,0,1,0,1,1,0,0,0,0,0,0,1,0,0,0,0,0,0,0,0,0,0,0
"397","Australia","Victoria","Moonee Valley",50,4314,6,8,12,0,0,0,0,0,0,0,0,0,0,0,0,0,0,0,0,0,0,0,0,0,0,0,0
"398","Australia","Victoria","Moorabool",50,211062,56127,58162,5894,54,228,372,201,319,283,246,298,101,141,126,153,223,127,34,829,81,32,104,151,4383,223,118,84
"399","Australia","Victoria","Moreland",50,5094,1,13,27,0,0,0,0,0,0,0,0,0,0,0,0,0,0,0,0,0,0,0,0,0,0,0,0
"400","Australia","Victoria","Mornington Peninsula",50,72412,12720,12527,935,4,14,55,23,27,19,92,21,56,26,21,10,15,22,18,155,30,19,22,14,20,25,9,9
"401","Australia","Victoria","Mount Alexander",50,152953,7067,11225,4732,12,10,22,8,4,14,16,4,8,7,17,24,11,10,44,146,9,2,0,1,45,43,5,77
"402","Australia","Victoria","Moyne",50,548182,13347,34106,15720,59,50,19,51,18,26,26,32,38,59,41,252,179,45,5,283,41,15,7,7,5,26,61,37
"403","Australia","Victoria","Murrindindi",50,387945,200084,177674,3339,573,924,1298,1025,1098,660,1573,1113,31975,767,587,653,856,794,605,2584,820,578,802,782,791,370,74,68
"404","Australia","Victoria","Nillumbik",50,43234,13051,10573,787,2,2,15,6,6,3,24,6,578,8,4,3,10,4,3,116,6,2,7,18,6,4,2,9
"405","Australia","Victoria","Northern Grampians",50,572796,54191,43544,5103,713,12,95,44,156,2953,204,76,953,82,83,71,148,14386,37,21,12,5,38,78,128,381,228,258
"406","Australia","Victoria","Port Phillip",50,2070,5,3,1,0,0,0,0,0,0,0,0,0,0,0,0,0,0,0,0,0,0,0,0,0,0,0,0
"407","Australia","Victoria","Pyrenees",50,343457,35933,40854,5550,411,252,202,106,236,303,203,261,350,235,315,679,366,149,160,2209,136,212,199,485,29,9,7,1180
"408","Australia","Victoria","Queenscliffe",50,862,116,89,0,0,0,0,0,0,0,0,0,0,0,0,0,0,0,0,0,0,0,0,0,0,0,0,0
"409","Australia","Victoria","South Gippsland",50,329742,82079,82256,6378,167,170,155,517,1202,352,563,417,3557,386,201,522,642,438,100,355,202,273,310,810,400,234,205,1686
"410","Australia","Victoria","Southern Grampians",50,665542,57958,80899,25959,277,129,204,181,150,544,130,79,531,103,138,831,2235,1445,453,983,195,270,349,532,153,137,107,779
"411","Australia","Victoria","Stonnington",50,2565,10,7,7,0,0,0,0,0,0,0,0,0,0,0,0,0,0,0,0,0,0,0,0,0,0,0,0
"412","Australia","Victoria","Strathbogie",50,330333,15471,16900,3437,72,30,126,125,151,126,216,20,87,110,77,34,7,13,15,78,79,20,68,56,4,8,1,1
"413","Australia","Victoria","Surf Coast",50,155296,44580,45271,1254,8,7,78,20,15,62,151,126,10,224,125,56,80,157,142,227,108,51,323,72,486,179,76,133
"414","Australia","Victoria","Swan Hill",50,611557,580,403,3214,2,18,4,13,17,3,23,6,34,15,13,4,15,2,16,1,1,0,13,0,0,0,0,0
"415","Australia","Victoria","Towong",50,667485,443122,418952,1214,532,792,3342,654,531,595,758,563,400,818,679,1239,960,1281,2104,1556,1122,1199,2914,114269,1220,655,147,106
"416","Australia","Victoria","Unincorporated Victoria",50,28136,19408,17106,287,17,5,949,28,18,6,756,56,283,3,7,28,339,27,13,9,13,43,9,12,180,105,1,5
"417","Australia","Victoria","Wangaratta",50,364481,123598,120554,2900,405,255,516,231,770,319,3082,328,290,280,149,110,159,275,149,405,101,91,1118,5208,272,46,10,27
"418","Australia","Victoria","Warrnambool",50,12088,166,347,56,0,0,1,1,2,1,1,1,1,1,0,2,0,0,0,0,0,0,0,0,0,0,1,0
"419","Australia","Victoria","Wellington",50,1081755,600675,540245,13213,1825,2011,2868,2301,2129,1745,10320,2318,4769,2002,1915,2703,14475,3232,2495,2718,3478,4922,94620,2540,2401,491,5548,893
"420","Australia","Victoria","West Wimmera",50,910888,25954,46073,18844,106,503,705,146,208,691,1480,81,359,76,581,242,305,671,655,2150,955,512,558,390,275,157,88,326
"421","Australia","Victoria","Whitehorse",50,6425,140,189,93,0,2,1,0,0,0,2,0,0,1,1,0,0,0,0,0,0,0,0,0,0,0,0,1
"422","Australia","Victoria","Whittlesea",50,48975,8653,6118,514,6,2,11,21,7,11,86,11,1318,49,10,9,4,1,15,52,1,38,42,28,1,24,2,2
"423","Australia","Victoria","Wodonga",50,43268,1896,1590,569,3,3,14,8,19,25,7,3,9,3,1,6,0,0,0,1,0,0,0,0,0,1,0,0
"424","Australia","Victoria","Wyndham",50,54205,209,279,53,0,1,2,1,1,0,0,1,1,1,1,0,0,0,0,2,0,0,0,0,0,0,0,0
"425","Australia","Victoria","Yarra",50,1954,46,64,5,0,0,0,0,0,0,0,0,0,0,0,0,0,0,0,0,0,0,0,0,0,0,0,0
"426","Australia","Victoria","Yarra Ranges",50,246584,180634,178611,684,169,221,233,204,148,107,482,251,8743,224,228,367,415,331,555,2175,437,351,1122,343,635,339,7,37
"427","Australia","Victoria","Yarriambiack",50,732578,59,8,288,0,0,7,2,8,1,6,7,6,0,2,2,0,0,0,0,0,0,0,0,0,0,0,0
"428","Australia","Western Australia","Albany",50,431015,93182,111445,29893,602,615,1171,927,2017,1811,4456,2002,2523,2456,1017,1124,607,1028,1445,2616,621,1388,1870,953,2323,869,1436,3101
"429","Australia","Western Australia","Armadale",50,55983,10852,16838,1311,0,6,6,59,61,20,29,36,41,16,18,15,48,23,21,450,683,202,103,9,575,364,43,26
"430","Australia","Western Australia","Ashburton",50,10095733,1,1,2885,0,0,0,0,0,0,0,0,0,0,0,0,0,0,0,0,0,0,0,0,0,0,0,0
"431","Australia","Western Australia","Augusta-Margaret River",50,212236,110524,105795,5151,325,264,590,297,205,343,384,300,520,819,882,911,478,409,571,4313,3295,1772,915,463,5274,1443,333,491
"432","Australia","Western Australia","Bassendean",50,1033,1,1,10,0,0,0,0,0,0,0,0,1,0,0,0,0,0,0,0,0,0,0,0,0,0,0,0
"433","Australia","Western Australia","Bayswater",50,3280,3,5,24,0,0,0,0,0,0,0,0,0,0,0,0,0,0,0,0,0,0,0,0,0,0,0,0
"434","Australia","Western Australia","Belmont",50,3967,11,11,29,0,0,0,0,0,0,0,0,0,0,0,0,0,0,0,0,0,0,0,0,0,0,0,0
"435","Australia","Western Australia","Beverley",50,237069,304,1677,3065,1,1,3,2,7,3,13,6,0,6,4,3,23,5,9,1,0,0,0,0,1,49,0,0
"436","Australia","Western Australia","Boddington",50,189918,31100,21735,4120,137,197,322,355,575,581,1011,556,289,449,368,237,166,53,209,1157,463,433,1413,422,1069,658,306,519
"437","Australia","Western Australia","Boyup Brook",50,282675,22881,16828,5488,149,1289,484,1579,740,1248,854,1642,254,251,170,235,22,161,15,104,30,1129,440,247,271,163,118,3
"438","Australia","Western Australia","Bridgetown-Greenbushes",50,133921,66368,55354,4459,738,538,819,1472,578,1573,1111,1089,1074,384,290,229,587,547,320,511,591,360,868,1505,313,929,384,746
"439","Australia","Western Australia","Brookton",50,160114,26,133,1714,0,0,0,0,1,3,1,3,0,1,0,0,0,0,0,0,0,0,0,0,0,0,0,0
"440","Australia","Western Australia","Broome",50,5461476,16,297,2496,0,0,0,0,0,0,0,0,0,2,0,0,0,0,0,0,0,0,0,0,0,0,0,0
"441","Australia","Western Australia","Broomehill-Tambellup",50,260912,16,222,2430,0,0,0,0,0,0,0,0,0,0,1,0,0,0,0,0,0,0,0,0,0,0,0,0
"442","Australia","Western Australia","Bruce Rock",50,272489,0,1,45,0,0,0,0,0,0,0,0,0,0,0,0,0,0,0,0,0,0,0,0,0,0,0,0
"443","Australia","Western Australia","Bunbury",50,6518,100,22,137,0,1,1,0,10,50,0,0,0,0,0,5,0,1,0,0,1,7,0,0,0,0,0,0
"444","Australia","Western Australia","Busselton",50,145412,27694,24784,2873,250,26,91,77,338,250,344,148,208,96,121,130,283,427,153,89,1997,448,1132,2537,1037,627,107,714
"445","Australia","Western Australia","Cambridge",50,2200,6,12,41,0,0,0,0,0,0,0,0,0,0,0,0,0,0,0,0,0,0,0,0,0,0,0,0
"446","Australia","Western Australia","Canning",50,6491,29,26,62,0,0,0,1,0,0,0,0,0,0,0,0,0,0,0,0,0,0,0,0,0,0,0,0
"447","Australia","Western Australia","Capel",50,55780,3766,2903,1172,12,25,26,81,145,18,17,156,22,2,5,7,48,4,5,1,5,1,95,0,7,114,0,18
"448","Australia","Western Australia","Carnamah",50,287272,37,119,243,6,2,0,5,2,0,1,1,0,1,0,5,0,0,0,0,0,0,0,3,7,0,0,0
"449","Australia","Western Australia","Carnarvon",50,4656272,0,0,207,0,0,0,0,0,0,0,0,0,0,0,0,0,0,0,0,0,0,0,0,0,0,0,0
"450","Australia","Western Australia","Chapman Valley",50,398267,95,4,395,0,0,2,3,0,0,17,0,7,10,0,0,0,0,0,0,0,0,0,0,0,0,0,1
"451","Australia","Western Australia","Chittering",50,121979,141,287,3350,1,6,1,0,2,4,6,2,4,2,7,2,0,0,0,1,0,0,1,0,0,0,0,2
"452","Australia","Western Australia","Claremont",50,495,1,1,5,0,0,0,0,0,0,0,0,0,0,0,0,0,0,0,0,0,0,0,0,0,0,0,0
"453","Australia","Western Australia","Cockburn",50,16793,172,166,375,3,0,2,3,7,5,3,2,5,6,3,3,0,0,1,0,1,0,1,0,0,0,1,0
"454","Australia","Western Australia","Collie",50,171002,57743,56767,1624,129,207,123,455,701,184,398,365,278,113,127,207,822,54,117,2670,796,603,1768,1555,991,663,314,333
"455","Australia","Western Australia","Coolgardie",50,3035377,0,0,8397,0,0,0,0,0,0,0,0,0,0,0,0,0,0,0,0,0,0,0,0,0,0,0,0
"456","Australia","Western Australia","Coorow",50,418940,24,44,908,1,0,4,3,1,1,0,0,0,0,5,0,0,0,0,0,0,0,0,0,0,0,0,0
"457","Australia","Western Australia","Corrigin",50,268048,0,0,326,0,0,0,0,0,0,0,0,0,0,0,0,0,0,0,0,0,0,0,0,0,0,0,0
"458","Australia","Western Australia","Cottesloe",50,385,0,0,1,0,0,0,0,0,0,0,0,0,0,0,0,0,0,0,0,0,0,0,0,0,0,0,0
"459","Australia","Western Australia","Cranbrook",50,327732,20340,18291,9310,112,139,110,436,431,1678,794,629,1216,493,63,239,216,173,107,470,248,244,510,250,429,111,243,110
"460","Australia","Western Australia","Cuballing",50,119481,65,106,1360,2,0,1,6,5,0,8,1,7,2,3,3,0,0,0,0,0,0,0,0,0,0,0,0
"461","Australia","Western Australia","Cue",50,1358500,0,0,90,0,0,0,0,0,0,0,0,0,0,0,0,0,0,0,0,0,0,0,0,0,0,0,0
"462","Australia","Western Australia","Cunderdin",50,186238,6,41,614,0,0,0,1,0,0,0,0,0,0,0,0,0,0,0,0,0,0,0,0,0,0,0,0
"463","Australia","Western Australia","Dalwallinu",50,722751,16,0,464,6,2,8,0,0,0,0,0,0,0,0,0,0,0,0,0,0,0,0,0,0,0,0,0
"464","Australia","Western Australia","Dandaragan",50,671149,920,1043,5775,50,8,201,24,20,3,60,8,3,251,119,5,0,1,0,4,2,0,0,5,0,8,1,26
"465","Australia","Western Australia","Dardanup",50,52583,18766,17445,827,29,187,96,159,90,41,31,172,44,43,8,10,22,54,98,209,175,405,382,83,43,8,25,129
"466","Australia","Western Australia","Denmark",50,185996,128904,133636,4139,23,106,273,608,82,326,397,211,151,135,185,194,2705,4063,9207,1992,4283,2673,8660,3059,1889,742,4766,8359
"467","Australia","Western Australia","Derby-West Kimberley",50,11984132,276,1147,3737,2,1,3,7,5,3,1,2,3,6,2,9,0,0,0,0,0,0,0,0,0,0,0,0
"468","Australia","Western Australia","Donnybrook-Balingup",50,155995,71801,68588,2812,574,775,815,500,935,1488,836,906,866,587,455,584,818,601,556,896,793,853,1881,436,448,674,2658,1796
"469","Australia","Western Australia","Dowerin",50,186285,3,3,99,0,1,0,0,0,0,0,0,0,1,0,0,0,0,0,0,0,0,0,0,0,0,0,0
"470","Australia","Western Australia","Dumbleyung",50,254121,6,50,745,0,0,0,1,1,0,0,0,0,0,0,0,0,0,0,0,0,0,0,0,0,0,0,0
"471","Australia","Western Australia","Dundas",50,9259258,127,135,78485,3,0,15,0,0,0,0,59,37,8,0,0,0,0,0,0,0,0,0,1,0,0,0,0
"472","Australia","Western Australia","East Fremantle",50,315,0,0,2,0,0,0,0,0,0,0,0,0,0,0,0,0,0,0,0,0,0,0,0,0,0,0,0
"473","Australia","Western Australia","East Pilbara",50,37133127,0,0,3429,0,0,0,0,0,0,0,0,0,0,0,0,0,0,0,0,0,0,0,0,0,0,0,0
"474","Australia","Western Australia","Esperance",50,4504173,42579,63492,34335,736,9281,135,521,2301,2804,1042,646,309,345,1175,244,618,66,632,7345,50,366,357,1152,369,570,181,91
"475","Australia","Western Australia","Exmouth",50,648765,0,0,5,0,0,0,0,0,0,0,0,0,0,0,0,0,0,0,0,0,0,0,0,0,0,0,0
"476","Australia","Western Australia","Fremantle",50,1899,0,1,12,0,0,0,0,0,0,0,0,0,0,0,0,0,0,0,0,0,0,0,0,0,0,0,0
"477","Australia","Western Australia","Geraldton-Greenough",50,177867,107,16,904,0,0,0,1,2,1,15,2,5,3,2,3,0,0,0,0,0,2,0,0,0,0,0,0
"478","Australia","Western Australia","Gingin",50,320866,4578,1842,3866,28,64,117,180,74,138,251,107,323,332,1279,873,18,104,72,11,68,31,35,26,36,19,34,12
"479","Australia","Western Australia","Gnowangerup",50,426519,7069,8585,2616,35,3,21,9,64,406,63,10,13,78,2,12,1,1,1,0,1,622,11,3928,82,4,34,0
"480","Australia","Western Australia","Goomalling",50,183535,9,9,535,0,1,0,2,1,0,0,0,0,0,0,0,0,0,0,0,0,0,0,0,0,0,0,0
"481","Australia","Western Australia","Gosnells",50,12719,192,598,375,1,1,2,1,1,3,1,2,2,1,1,0,0,0,0,11,0,0,0,3,1,2,0,0
"482","Australia","Western Australia","Halls Creek",50,13295243,4,1,1858,0,0,0,0,0,0,0,0,0,0,0,0,0,0,0,0,0,0,0,0,0,0,0,0
"483","Australia","Western Australia","Harvey",50,172812,50934,42431,3330,244,417,367,507,216,171,465,595,466,404,515,404,270,228,403,6126,913,731,924,1466,1229,900,471,149
"484","Australia","Western Australia","Irwin",50,237199,413,48,973,1,4,0,11,4,2,32,2,9,55,10,174,2,1,0,2,0,1,2,1,0,0,0,3
"485","Australia","Western Australia","Jerramungup",50,650763,17561,21425,2802,174,259,531,9,71,37,1350,1337,90,66,11,346,658,8,16,5,5,355,3672,5,9,1523,14,37
"486","Australia","Western Australia","Joondalup",50,9890,41,53,154,1,0,0,1,3,2,1,0,0,1,0,0,0,0,0,0,0,0,0,0,0,0,0,0
"487","Australia","Western Australia","Kalamunda",50,32425,5764,8331,726,1,1,2,7,38,8,58,15,3,4,8,1,3,1,17,402,38,140,4,30,450,139,32,13
"488","Australia","Western Australia","Kalgoorlie/Boulder",50,9517829,0,0,4968,0,0,0,0,0,0,0,0,0,0,0,0,0,0,0,0,0,0,0,0,0,0,0,0
"489","Australia","Western Australia","Katanning",50,151820,12,181,1627,0,0,1,0,0,0,0,0,0,0,0,0,0,0,0,0,0,0,0,1,0,0,0,0
"490","Australia","Western Australia","Kellerberrin",50,191558,0,0,52,0,0,0,0,0,0,0,0,0,0,0,0,0,0,0,0,0,0,0,0,0,0,0,0
"491","Australia","Western Australia","Kent",50,563011,25,6,616,7,1,1,1,0,0,1,1,0,0,0,2,0,0,0,0,0,0,0,0,0,0,0,0
"492","Australia","Western Australia","Kojonup",50,293119,927,2013,5161,5,2,1,9,28,3,130,272,100,11,19,7,2,19,0,3,15,0,112,1,3,0,0,2
"493","Australia","Western Australia","Kondinin",50,742199,13,30,519,1,0,0,0,0,0,2,0,0,0,0,0,0,0,0,0,0,0,0,1,0,0,0,0
"494","Australia","Western Australia","Koorda",50,283213,0,0,24,0,0,0,0,0,0,0,0,0,0,0,0,0,0,0,0,0,0,0,0,0,0,0,0
"495","Australia","Western Australia","Kulin",50,471707,2,1,513,0,0,0,0,0,1,0,0,0,0,0,0,0,0,0,0,0,0,0,0,0,0,0,0
"496","Australia","Western Australia","Kwinana",50,12000,284,262,391,1,1,1,7,8,4,12,7,1,20,18,1,0,1,3,0,0,1,0,0,0,0,0,0
"497","Australia","Western Australia","Lake Grace",50,1188574,28,6,1927,14,0,4,0,0,0,0,2,1,0,2,0,0,0,0,0,0,0,0,0,0,0,0,0
"498","Australia","Western Australia","Laverton",50,17984130,0,0,309,0,0,0,0,0,0,0,0,0,0,0,0,0,0,0,0,0,0,0,0,0,0,0,0
"499","Australia","Western Australia","Leonora",50,3189608,0,0,111,0,0,0,0,0,0,0,0,0,0,0,0,0,0,0,0,0,0,0,0,0,0,0,0
"500","Australia","Western Australia","Mandurah",50,17420,122,58,349,1,2,3,4,5,11,8,5,1,4,8,2,0,0,0,0,0,0,0,0,0,0,0,0
"501","Australia","Western Australia","Manjimup",50,702586,528309,513473,16906,1811,879,1835,1129,824,1566,1864,1652,1335,921,1297,4918,1544,2398,42072,9169,8897,11693,12094,8145,3403,9170,7403,11903
"502","Australia","Western Australia","Meekatharra",50,10012261,0,0,1443,0,0,0,0,0,0,0,0,0,0,0,0,0,0,0,0,0,0,0,0,0,0,0,0
"503","Australia","Western Australia","Melville",50,5287,19,13,68,0,0,0,0,1,0,1,2,0,1,0,0,0,0,0,0,0,0,0,0,0,0,0,0
"504","Australia","Western Australia","Menzies",50,12461472,0,0,1700,0,0,0,0,0,0,0,0,0,0,0,0,0,0,0,0,0,0,0,0,0,0,0,0
"505","Australia","Western Australia","Merredin",50,329428,2,0,45,0,0,0,0,0,0,1,0,0,0,0,0,0,0,0,0,0,0,0,0,0,0,0,0
"506","Australia","Western Australia","Mingenew",50,193486,2,0,279,0,0,0,0,0,0,0,0,0,0,0,0,0,0,0,0,0,0,0,0,0,0,0,0
"507","Australia","Western Australia","Moora",50,376331,17,35,1943,1,0,2,1,0,0,0,1,0,0,0,0,0,0,0,0,0,0,0,0,0,0,0,0
"508","Australia","Western Australia","Morawa",50,351253,0,0,403,0,0,0,0,0,0,0,0,0,0,0,0,0,0,0,0,0,0,0,0,0,0,0,0
"509","Australia","Western Australia","Mosman Park",50,434,0,0,7,0,0,0,0,0,0,0,0,0,0,0,0,0,0,0,0,0,0,0,0,0,0,0,0
"510","Australia","Western Australia","Mount Magnet",50,1387246,0,0,51,0,0,0,0,0,0,0,0,0,0,0,0,0,0,0,0,0,0,0,0,0,0,0,0
"511","Australia","Western Australia","Mount Marshall",50,1018654,0,0,142,0,0,0,0,0,0,0,0,0,0,0,0,0,0,0,0,0,0,0,0,0,0,0,0
"512","Australia","Western Australia","Mukinbudin",50,343485,0,0,82,0,0,0,0,0,0,0,0,0,0,0,0,0,0,0,0,0,0,0,0,0,0,0,0
"513","Australia","Western Australia","Mullewa",50,811106,0,0,322,0,0,0,0,0,0,0,0,0,0,0,0,0,0,0,0,0,0,0,0,0,0,0,0
"514","Australia","Western Australia","Mundaring",50,64317,2303,7429,2129,4,41,5,41,53,20,12,22,11,103,27,24,47,18,10,48,37,170,71,23,6,4,4,1
"515","Australia","Western Australia","Murchison",50,4503017,0,0,268,0,0,0,0,0,0,0,0,0,0,0,0,0,0,0,0,0,0,0,0,0,0,0,0
"516","Australia","Western Australia","Murray",50,170993,53140,44515,3321,239,309,677,796,579,395,622,574,676,1015,705,430,713,371,554,612,551,1557,767,2557,1282,126,276,418
"517","Australia","Western Australia","Nannup",50,305355,224685,211127,8923,746,750,1083,526,775,1120,973,1421,694,803,1791,1028,1161,1380,1793,7895,2983,1776,6693,17609,2007,3323,1778,4823
"518","Australia","Western Australia","Narembeen",50,383316,0,0,23,0,0,0,0,0,0,0,0,0,0,0,0,0,0,0,0,0,0,0,0,0,0,0,0
"519","Australia","Western Australia","Narrogin (Shire)",50,161857,28,89,1819,0,0,0,2,1,0,0,0,1,1,2,0,0,0,0,0,0,0,0,0,0,1,0,0
"520","Australia","Western Australia","Narrogin (Town)",50,1313,3,2,34,0,0,0,0,0,0,0,0,0,1,0,0,0,0,0,0,0,0,0,0,0,0,0,0
"521","Australia","Western Australia","Nedlands",50,1996,2,4,47,0,0,0,0,0,0,0,0,0,0,0,0,0,0,0,0,0,0,0,0,0,0,0,0
"522","Australia","Western Australia","Ngaanyatjarraku",50,16039741,0,0,252,0,0,0,0,0,0,0,0,0,0,0,0,0,0,0,0,0,0,0,0,0,0,0,0
"523","Australia","Western Australia","Northam",50,143135,32,105,2612,1,0,0,1,3,0,5,0,1,1,1,0,0,0,0,0,0,0,0,0,0,0,0,0
"524","Australia","Western Australia","Northampton",50,1261733,13,0,821,1,0,0,0,0,0,1,0,0,0,0,0,0,0,0,0,0,0,0,0,0,0,0,0
"525","Australia","Western Australia","Nungarin",50,116293,0,0,9,0,0,0,0,0,0,0,0,0,0,0,0,0,0,0,0,0,0,0,0,0,0,0,0
"526","Australia","Western Australia","Peppermint Grove",50,107,0,0,1,0,0,0,0,0,0,0,0,0,0,0,0,0,0,0,0,0,0,0,0,0,0,0,0
"527","Australia","Western Australia","Perenjori",50,830056,28,0,384,21,7,0,0,0,0,0,0,0,0,0,0,0,0,0,0,0,0,0,0,0,0,0,0
"528","Australia","Western Australia","Perth",50,1201,8,17,9,0,0,0,0,0,0,0,0,1,1,0,1,0,0,0,0,0,0,0,0,0,0,0,0
"529","Australia","Western Australia","Pingelly",50,129424,16,43,1456,0,0,0,1,1,1,1,1,1,0,0,0,0,0,0,0,0,0,0,0,0,0,0,0
"530","Australia","Western Australia","Plantagenet",50,487680,123410,135828,26156,123,594,894,1161,2622,4523,4604,3517,2327,1657,662,1295,510,6628,2954,5721,4375,1551,6616,6417,2182,358,2226,1019
"531","Australia","Western Australia","Port Hedland",50,1842978,1,13,324,0,0,0,0,0,0,0,0,0,0,0,0,0,0,0,0,0,0,0,0,0,0,0,0
"532","Australia","Western Australia","Quairading",50,201693,3,2,452,0,0,0,0,0,0,0,0,0,0,0,0,0,0,0,0,0,0,0,0,0,0,0,0
"533","Australia","Western Australia","Ravensthorpe",50,982902,10537,11216,7051,21,24,769,175,107,1313,130,1636,7,43,10,108,1,2,47,1,11,3,523,20,14,23,98,95
"534","Australia","Western Australia","Rockingham",50,25695,879,434,835,4,10,7,51,61,141,129,51,45,72,4,2,0,0,0,0,0,0,1,0,1,0,0,0
"535","Australia","Western Australia","Roebourne",50,1523448,1,1,112,0,0,0,0,0,0,0,0,0,0,0,0,0,0,0,0,0,0,0,0,0,0,0,0
"536","Australia","Western Australia","Sandstone",50,3266667,0,0,88,0,0,0,0,0,0,0,0,0,0,0,0,0,0,0,0,0,0,0,0,0,0,0,0
"537","Australia","Western Australia","Scott and Seringapatam Reefs",50,15301,0,0,0,0,0,0,0,0,0,0,0,0,0,0,0,0,0,0,0,0,0,0,0,0,0,0,0
"538","Australia","Western Australia","Serpentine-Jarrahdale",50,90420,18479,24223,2476,7,24,129,77,50,131,31,135,29,31,11,9,144,70,132,230,153,1463,608,655,113,184,230,72
"539","Australia","Western Australia","Shark Bay",50,2414053,0,0,48,0,0,0,0,0,0,0,0,0,0,0,0,0,0,0,0,0,0,0,0,0,0,0,0
"540","Australia","Western Australia","South Perth",50,1982,5,10,22,0,0,0,0,0,0,0,0,0,0,0,0,0,0,0,0,0,0,0,0,0,0,0,0
"541","Australia","Western Australia","Stirling",50,10473,57,51,115,2,0,0,0,0,1,1,0,0,1,0,1,0,0,0,0,0,0,0,0,0,0,0,0
"542","Australia","Western Australia","Subiaco",50,698,1,3,7,0,0,0,0,0,0,0,0,0,0,1,0,0,0,0,0,0,0,0,0,0,0,0,0
"543","Australia","Western Australia","Swan",50,104322,1329,2520,3596,11,29,50,36,94,60,51,307,82,184,19,9,7,6,4,1,0,3,0,2,11,1,0,11
"544","Australia","Western Australia","Tammin",50,110175,0,0,49,0,0,0,0,0,0,0,0,0,0,0,0,0,0,0,0,0,0,0,0,0,0,0,0
"545","Australia","Western Australia","Three Springs",50,265258,1,3,918,0,0,0,0,0,0,0,0,0,0,0,0,0,0,0,0,0,0,0,0,0,0,0,0
"546","Australia","Western Australia","Toodyay",50,169164,104,496,3872,2,1,0,5,2,5,11,3,5,9,8,0,0,0,0,0,0,0,3,0,0,6,0,0
"547","Australia","Western Australia","Trayning",50,165119,0,0,31,0,0,0,0,0,0,0,0,0,0,0,0,0,0,0,0,0,0,0,0,0,0,0,0
"548","Australia","Western Australia","Upper Gascoyne",50,5788498,0,0,813,0,0,0,0,0,0,0,0,0,0,0,0,0,0,0,0,0,0,0,0,0,0,0,0
"549","Australia","Western Australia","Victoria Park",50,1794,5,3,15,0,0,0,0,0,0,0,0,0,2,0,0,0,0,0,0,0,0,0,0,0,0,0,0
"550","Australia","Western Australia","Victoria Plains",50,255101,15,185,2969,0,0,0,0,1,0,3,0,0,1,0,0,0,0,0,1,0,0,0,0,0,0,0,0
"551","Australia","Western Australia","Vincent",50,1139,3,7,3,0,0,0,0,0,0,0,0,0,0,0,0,0,0,0,0,0,0,0,0,0,0,0,0
"552","Australia","Western Australia","Wagin",50,194571,23,230,1403,1,1,0,0,0,0,0,0,0,0,0,0,0,0,0,0,0,0,0,0,0,0,0,0
"553","Australia","Western Australia","Wandering",50,189951,4290,7304,2162,4,12,111,59,18,113,39,28,16,56,15,25,1,0,24,365,10,4,1,398,13,232,42,11
"554","Australia","Western Australia","Wanneroo",50,68497,6203,2255,1254,290,68,39,51,363,206,565,414,1257,315,1211,130,52,15,48,69,214,257,102,123,23,19,7,3
"555","Australia","Western Australia","Waroona",50,83180,26030,21758,2237,212,301,360,237,162,235,340,264,254,166,262,266,269,170,214,10897,107,79,68,267,87,4,2,937
"556","Australia","Western Australia","West Arthur",50,283279,3717,3793,4497,39,63,14,355,551,292,199,217,269,144,7,440,3,16,4,104,83,58,25,8,69,168,17,11
"557","Australia","Western Australia","Westonia",50,331414,0,0,65,0,0,0,0,0,0,0,0,0,0,0,0,0,0,0,0,0,0,0,0,0,0,0,0
"558","Australia","Western Australia","Wickepin",50,203987,8,48,661,1,1,0,1,0,0,1,0,0,0,0,0,0,0,0,0,0,0,0,0,0,0,0,0
"559","Australia","Western Australia","Williams",50,230446,937,3924,2532,3,68,117,4,36,9,64,21,6,20,4,3,1,5,42,36,2,32,1,14,2,3,2,2
"560","Australia","Western Australia","Wiluna",50,18129092,0,0,554,0,0,0,0,0,0,0,0,0,0,0,0,0,0,0,0,0,0,0,0,0,0,0,0
"561","Australia","Western Australia","Wongan-Ballidu",50,336518,0,0,320,0,0,0,0,0,0,0,0,0,0,0,0,0,0,0,0,0,0,0,0,0,0,0,0
"562","Australia","Western Australia","Woodanilling",50,112842,28,302,1801,0,2,0,1,1,1,1,0,1,0,0,1,0,0,0,0,0,0,0,0,0,0,0,0
"563","Australia","Western Australia","Wyalkatchem",50,159422,0,0,41,0,0,0,0,0,0,0,0,0,0,0,0,0,0,0,0,0,0,0,0,0,0,0,0
"564","Australia","Western Australia","Wyndham-East Kimberley",50,11202038,760,1822,18565,7,4,6,8,7,8,7,6,3,20,9,33,0,0,0,0,0,0,0,0,0,0,0,0
"565","Australia","Western Australia","Yalgoo",50,2793605,0,0,453,0,0,0,0,0,0,0,0,0,0,0,0,0,0,0,0,0,0,0,0,0,0,0,0
"566","Australia","Western Australia","Yilgarn",50,3037912,4,1,4566,2,0,1,0,0,0,0,0,0,0,0,0,0,0,0,0,0,0,0,0,0,0,0,0
"567","Australia","Western Australia","York",50,213149,281,505,2601,2,1,3,12,103,10,0,4,0,4,0,1,0,0,3,4,0,16,0,0,0,5,0,0
